現像,JLPT_1
原則,JLPT_1
見地,JLPT_1
現地,JLPT_1
限定,JLPT_1
原点,JLPT_1
原典,JLPT_1
原爆,JLPT_1
原文,JLPT_1
厳密,JLPT_1
賢明,JLPT_1
倹約,JLPT_1
原油,JLPT_1
兼用,JLPT_1
権力,JLPT_1
言論,JLPT_1
故～,JLPT_1
語彙,JLPT_1
恋する,JLPT_1
甲,JLPT_1
～光,JLPT_1
好意,JLPT_1
行為,JLPT_1
合意,JLPT_1
工学,JLPT_1
抗議,JLPT_1
合議,JLPT_1
皇居,JLPT_1
好況,JLPT_1
鉱業,JLPT_1
興業,JLPT_1
高原,JLPT_1
交互,JLPT_1
煌々と,JLPT_1
考古学,JLPT_1
工作,JLPT_1
耕作,JLPT_1
鉱山,JLPT_1
講習,JLPT_1
口述,JLPT_1
控除,JLPT_1
交渉,JLPT_1
高尚,JLPT_1
向上,JLPT_1
行進,JLPT_1
香辛料,JLPT_1
降水,JLPT_1
洪水,JLPT_1
合成,JLPT_1
公然,JLPT_1
抗争,JLPT_1
構想,JLPT_1
後退,JLPT_1
光沢,JLPT_1
公団,JLPT_1
好調,JLPT_1
口頭,JLPT_1
講読,JLPT_1
購読,JLPT_1
購入,JLPT_1
公認,JLPT_1
光熱費,JLPT_1
購買,JLPT_1
好評,JLPT_1
交付,JLPT_1
公募,JLPT_1
巧妙,JLPT_1
公用,JLPT_1
小売,JLPT_1
効率,JLPT_1
公立,JLPT_1
護衛,JLPT_1
コーナー,JLPT_1
小柄,JLPT_1
小切手,JLPT_1
国産,JLPT_1
国定,JLPT_1
告白,JLPT_1
国防,JLPT_1
国有,JLPT_1
極楽,JLPT_1
国連,JLPT_1
焦げ茶,JLPT_1
語源,JLPT_1
心地,JLPT_1
心得,JLPT_1
心掛け,JLPT_1
心掛ける,JLPT_1
志,JLPT_1
志す,JLPT_1
心強い,JLPT_1
心細い,JLPT_1
試み,JLPT_1
試みる,JLPT_1
快い,JLPT_1
誤差,JLPT_1
ございます (かん),JLPT_1
孤児,JLPT_1
こじれる,JLPT_1
こす (みずを～),JLPT_1
梢,JLPT_1
個性,JLPT_1
戸籍,JLPT_1
古代,JLPT_1
こたつ,JLPT_1
こだわる,JLPT_1
誇張,JLPT_1
こつ (をつかむ),JLPT_1
滑稽,JLPT_1
国交,JLPT_1
骨董品,JLPT_1
固定,JLPT_1
事柄,JLPT_1
孤独,JLPT_1
ことごとく,JLPT_1
言付け,JLPT_1
殊に,JLPT_1
粉々,JLPT_1
好ましい,JLPT_1
碁盤,JLPT_1
個別,JLPT_1
ごまかす,JLPT_1
細やか,JLPT_1
コマーシャル,JLPT_1
込める,JLPT_1
コメント,JLPT_1
籠もる,JLPT_1
固有,JLPT_1
暦,JLPT_1
凝らす,JLPT_1
ごらんなさい (かん),JLPT_1
孤立,JLPT_1
懲りる,JLPT_1
凝る,JLPT_1
根気,JLPT_1
根拠,JLPT_1
混血,JLPT_1
コンタクト (レンズ),JLPT_1
昆虫,JLPT_1
根底,JLPT_1
混同,JLPT_1
コントラスト,JLPT_1
コントロール,JLPT_1
コンパス,JLPT_1
根本,JLPT_1
財,JLPT_1
再会,JLPT_1
災害,JLPT_1
細菌,JLPT_1
細工,JLPT_1
採掘,JLPT_1
サイクル,JLPT_1
採決,JLPT_1
再建,JLPT_1
再現,JLPT_1
財源,JLPT_1
在庫,JLPT_1
採算,JLPT_1
サイズ,JLPT_1
再生,JLPT_1
財政,JLPT_1
最善,JLPT_1
採択,JLPT_1
栽培,JLPT_1
再発,JLPT_1
細胞,JLPT_1
採用,JLPT_1
遮る,JLPT_1
さえずる,JLPT_1
冴える,JLPT_1
竿,JLPT_1
栄える,JLPT_1
差額,JLPT_1
杯,JLPT_1
逆立ち,JLPT_1
さきに (いぜん),JLPT_1
詐欺,JLPT_1
削減,JLPT_1
錯誤,JLPT_1
作戦,JLPT_1
叫び,JLPT_1
捧げる,JLPT_1
差し掛かる,JLPT_1
指図,JLPT_1
差し出す,JLPT_1
差し支える,JLPT_1
授ける,JLPT_1
摩する,JLPT_1
さぞ (さぞや。さぞかし),JLPT_1
定まる,JLPT_1
定める,JLPT_1
座談会,JLPT_1
雑,JLPT_1
雑貨,JLPT_1
殺人,JLPT_1
察する,JLPT_1
雑談,JLPT_1
さっと,JLPT_1
さっぱりする,JLPT_1
悟る,JLPT_1
最中,JLPT_1
座標,JLPT_1
さほど,JLPT_1
サボる,JLPT_1
様,JLPT_1
寒気,JLPT_1
侍,JLPT_1
さも,JLPT_1
作用,JLPT_1
さらう (こどもを～),JLPT_1
障る,JLPT_1
酸,JLPT_1
山岳,JLPT_1
参議院,JLPT_1
産休,JLPT_1
サンキュー,JLPT_1
残金,JLPT_1
産後,JLPT_1
残酷,JLPT_1
産出,JLPT_1
参照,JLPT_1
参上,JLPT_1
残高,JLPT_1
サンタクロース,JLPT_1
桟橋,JLPT_1
賛美,JLPT_1
山腹,JLPT_1
産婦人科,JLPT_1
産物,JLPT_1
山脈,JLPT_1
仕上がり,JLPT_1
仕上,JLPT_1
仕上げる,JLPT_1
飼育,JLPT_1
強いて,JLPT_1
シート,JLPT_1
ジーパン,JLPT_1
仕入れる,JLPT_1
強いる,JLPT_1
潮,JLPT_1
歯科,JLPT_1
自我,JLPT_1
自覚,JLPT_1
仕掛,JLPT_1
仕掛ける,JLPT_1
しかしながら,JLPT_1
色彩,JLPT_1
式場,JLPT_1
しきたり,JLPT_1
事業,JLPT_1
軽蔑,JLPT_1
経歴,JLPT_1
経路,JLPT_1
けがらわしい,JLPT_1
劇団,JLPT_1
激励,JLPT_1
ゲスト,JLPT_1
獣,JLPT_1
決,JLPT_1
決意,JLPT_1
結核,JLPT_1
決議,JLPT_1
結合,JLPT_1
決算,JLPT_1
月謝,JLPT_1
決勝,JLPT_1
結晶,JLPT_1
結成,JLPT_1
結束,JLPT_1
げっそり,JLPT_1
決断,JLPT_1
月賦,JLPT_1
欠乏,JLPT_1
蹴飛ばす,JLPT_1
けなす,JLPT_1
煙たい,JLPT_1
煙る,JLPT_1
獣,JLPT_1
家来,JLPT_1
下痢,JLPT_1
権威,JLPT_1
兼業,JLPT_1
原形,JLPT_1
原型,JLPT_1
権限,JLPT_1
現行,JLPT_1
健在,JLPT_1
原作,JLPT_1
検事,JLPT_1
原子,JLPT_1
元首,JLPT_1
原書,JLPT_1
懸賞,JLPT_1
健全,JLPT_1
元素,JLPT_1
同調,JLPT_1
到底,JLPT_1
動的,JLPT_1
尊い,JLPT_1
貴い,JLPT_1
同等,JLPT_1
堂々,JLPT_1
尊ぶ,JLPT_1
どうにか,JLPT_1
投入,JLPT_1
導入,JLPT_1
当人,JLPT_1
同封,JLPT_1
逃亡,JLPT_1
冬眠,JLPT_1
同盟,JLPT_1
どうやら,JLPT_1
動力,JLPT_1
登録,JLPT_1
討論,JLPT_1
遠ざかる,JLPT_1
遠回り,JLPT_1
トーン,JLPT_1
とかく,JLPT_1
とがめる,JLPT_1
時折,JLPT_1
とぎれる,JLPT_1
研ぐ,JLPT_1
特技,JLPT_1
独裁,JLPT_1
特産,JLPT_1
独自,JLPT_1
特集,JLPT_1
独占,JLPT_1
独創,JLPT_1
得点,JLPT_1
特派,JLPT_1
特有,JLPT_1
とげ (をさす),JLPT_1
遂げる,JLPT_1
～どころか,JLPT_1
年頃,JLPT_1
戸締り,JLPT_1
途上,JLPT_1
土台,JLPT_1
途絶える,JLPT_1
特許,JLPT_1
特権,JLPT_1
とっさに,JLPT_1
突如,JLPT_1
とって,JLPT_1
突破,JLPT_1
土手,JLPT_1
届,JLPT_1
滞る,JLPT_1
整える,JLPT_1
止める,JLPT_1
唱える,JLPT_1
殿様,JLPT_1
土俵,JLPT_1
扉,JLPT_1
溝,JLPT_1
徒歩,JLPT_1
土木,JLPT_1
とぼける,JLPT_1
乏しい,JLPT_1
富,JLPT_1
富む,JLPT_1
共稼ぎ,JLPT_1
伴う,JLPT_1
共働き,JLPT_1
ドライ,JLPT_1
ドライクリーニング,JLPT_1
ドライバー,JLPT_1
ドライブイン,JLPT_1
トラブル,JLPT_1
トランジスター,JLPT_1
とりあえず,JLPT_1
取扱,JLPT_1
取り扱う,JLPT_1
鳥居,JLPT_1
取り替え,JLPT_1
取り組む,JLPT_1
取締り,JLPT_1
取り締まる,JLPT_1
取り調べる,JLPT_1
取り立てる,JLPT_1
取り次ぐ,JLPT_1
取り付ける,JLPT_1
取り除く,JLPT_1
取引,JLPT_1
取り巻く,JLPT_1
取り混ぜる,JLPT_1
取り戻す,JLPT_1
取り寄せる,JLPT_1
ドリル,JLPT_1
副,JLPT_1
とろける,JLPT_1
鈍感,JLPT_1
とんだ,JLPT_1
度忘れ,JLPT_1
問屋,JLPT_1
内閣,JLPT_1
乃至,JLPT_1
内緒,JLPT_1
内心,JLPT_1
内蔵,JLPT_1
ナイター,JLPT_1
内部,JLPT_1
内乱,JLPT_1
内陸,JLPT_1
苗,JLPT_1
なおさら,JLPT_1
流し,JLPT_1
長々,JLPT_1
中程,JLPT_1
渚,JLPT_1
嘆く,JLPT_1
投げ出す,JLPT_1
仲人,JLPT_1
和やか,JLPT_1
名残,JLPT_1
情け,JLPT_1
情無い,JLPT_1
情深い,JLPT_1
詰る,JLPT_1
名高い,JLPT_1
雪崩,JLPT_1
懐く,JLPT_1
名付ける,JLPT_1
何気ない,JLPT_1
なにとぞ,JLPT_1
なにより,JLPT_1
ナプキン,JLPT_1
名札,JLPT_1
生臭い,JLPT_1
生温い,JLPT_1
生身,JLPT_1
鉛,JLPT_1
滑らか,JLPT_1
嘗める,JLPT_1
悩ましい,JLPT_1
悩ます,JLPT_1
悩み,JLPT_1
並びに,JLPT_1
成り立つ,JLPT_1
なるたけ,JLPT_1
慣れ,JLPT_1
馴々しい,JLPT_1
～なんか,JLPT_1
ナンセンス,JLPT_1
何だか,JLPT_1
なんだかんだ,JLPT_1
なんなり,JLPT_1
荷,JLPT_1
似通う,JLPT_1
にきび,JLPT_1
賑わう,JLPT_1
憎しみ,JLPT_1
肉親,JLPT_1
肉体,JLPT_1
逃げ出す,JLPT_1
西日,JLPT_1
滲む,JLPT_1
にせ物,JLPT_1
日夜,JLPT_1
荷造り,JLPT_1
担う,JLPT_1
鈍る,JLPT_1
にも関わらず,JLPT_1
ニュアンス,JLPT_1
ニュー,JLPT_1
入手,JLPT_1
入賞,JLPT_1
入浴,JLPT_1
尿,JLPT_1
認識,JLPT_1
妊娠,JLPT_1
任務,JLPT_1
任命,JLPT_1
抜かす,JLPT_1
抜け出す,JLPT_1
主,JLPT_1
沼,JLPT_1
音色,JLPT_1
値打ち,JLPT_1
ネガ,JLPT_1
寝かせる,JLPT_1
ねじまわし,JLPT_1
捩れる,JLPT_1
妬む,JLPT_1
ねだる,JLPT_1
熱意,JLPT_1
熱湯,JLPT_1
熱量,JLPT_1
粘り,JLPT_1
粘る,JLPT_1
値引き,JLPT_1
根回し,JLPT_1
眠たい,JLPT_1
練る,JLPT_1
念,JLPT_1
年賀,JLPT_1
念願,JLPT_1
年号,JLPT_1
燃焼,JLPT_1
年長,JLPT_1
燃料,JLPT_1
年輪,JLPT_1
ノイローゼ,JLPT_1
農耕,JLPT_1
農場,JLPT_1
農地,JLPT_1
納入,JLPT_1
逃す,JLPT_1
逃れる,JLPT_1
軒並,JLPT_1
望ましい,JLPT_1
乗っ取る,JLPT_1
のどか,JLPT_1
罵る,JLPT_1
延べ,JLPT_1
飲み込む,JLPT_1
乗り込む,JLPT_1
刃,JLPT_1
～派,JLPT_1
バー,JLPT_1
把握,JLPT_1
パート,JLPT_1
廃棄,JLPT_1
配給,JLPT_1
ばい菌,JLPT_1
配偶者,JLPT_1
拝啓,JLPT_1
背景,JLPT_1
背後,JLPT_1
廃止,JLPT_1
拝借,JLPT_1
排除,JLPT_1
賠償,JLPT_1
排水,JLPT_1
敗戦,JLPT_1
配置,JLPT_1
配布,JLPT_1
配分,JLPT_1
敗北,JLPT_1
倍率,JLPT_1
配慮,JLPT_1
配列,JLPT_1
破壊,JLPT_1
いたわる,JLPT_1
一概に,JLPT_1
著しい,JLPT_1
一同,JLPT_1
一部分,JLPT_1
一別,JLPT_1
一面,JLPT_1
一目,JLPT_1
一様,JLPT_1
一律,JLPT_1
一連,JLPT_1
一括,JLPT_1
一気,JLPT_1
一挙に,JLPT_1
一見,JLPT_1
一切,JLPT_1
一心,JLPT_1
いっそ,JLPT_1
一変,JLPT_1
意図,JLPT_1
営む,JLPT_1
挑む,JLPT_1
稲光,JLPT_1
祈り,JLPT_1
いびき,JLPT_1
今更,JLPT_1
未だ,JLPT_1
移民,JLPT_1
嫌々,JLPT_1
卑しい,JLPT_1
いやに,JLPT_1
いやらしい,JLPT_1
意欲,JLPT_1
威力,JLPT_1
衣類,JLPT_1
異論,JLPT_1
印鑑,JLPT_1
陰気,JLPT_1
隠居,JLPT_1
インターチェンジ,JLPT_1
インターナショナル,JLPT_1
インターフォン,JLPT_1
インテリ,JLPT_1
インフォメーション,JLPT_1
インフレ,JLPT_1
受かる,JLPT_1
受け入れ,JLPT_1
受け入れる,JLPT_1
受け継ぐ,JLPT_1
受け付ける,JLPT_1
受け止める,JLPT_1
受身,JLPT_1
受持ち,JLPT_1
動き,JLPT_1
埋める,JLPT_1
嘘つき,JLPT_1
うたた寝,JLPT_1
打ち明ける,JLPT_1
打ち切る,JLPT_1
打ち消し,JLPT_1
打ち込む,JLPT_1
団扇,JLPT_1
内訳,JLPT_1
写し,JLPT_1
訴え,JLPT_1
うっとうしい,JLPT_1
うつむく,JLPT_1
空ろ,JLPT_1
器,JLPT_1
腕前,JLPT_1
雨天,JLPT_1
促す,JLPT_1
うぬぼれ,JLPT_1
生まれつき,JLPT_1
埋め込む,JLPT_1
梅干し,JLPT_1
裏返し,JLPT_1
売り出し,JLPT_1
売り出す,JLPT_1
潤う,JLPT_1
浮気,JLPT_1
上回る,JLPT_1
植わる,JLPT_1
運営,JLPT_1
うんざり,JLPT_1
運送,JLPT_1
運賃,JLPT_1
云々,JLPT_1
運搬,JLPT_1
運命,JLPT_1
運輸,JLPT_1
運用,JLPT_1
エアメール,JLPT_1
～営,JLPT_1
英字,JLPT_1
映写,JLPT_1
映像,JLPT_1
英雄,JLPT_1
液,JLPT_1
閲覧,JLPT_1
獲物,JLPT_1
襟,JLPT_1
エレガント,JLPT_1
円滑,JLPT_1
縁側,JLPT_1
沿岸,JLPT_1
婉曲,JLPT_1
演出,JLPT_1
エンジニア,JLPT_1
演じる,JLPT_1
演ずる,JLPT_1
沿線,JLPT_1
縁談,JLPT_1
遠方,JLPT_1
円満,JLPT_1
追い込む,JLPT_1
追い出す,JLPT_1
於いて,JLPT_1
老いる,JLPT_1
応急,JLPT_1
黄金,JLPT_1
往診,JLPT_1
応募,JLPT_1
おおい (かん),JLPT_1
大方,JLPT_1
大柄,JLPT_1
おおげさ,JLPT_1
大筋,JLPT_1
大空,JLPT_1
オートマチック,JLPT_1
大幅,JLPT_1
おおまかな,JLPT_1
大水,JLPT_1
公,JLPT_1
犯す,JLPT_1
侵す,JLPT_1
臆病,JLPT_1
遅らす,JLPT_1
厳か,JLPT_1
行い,JLPT_1
おごる (ゆうしょくを～),JLPT_1
収まる,JLPT_1
納まる,JLPT_1
治まる,JLPT_1
お産,JLPT_1
押し切る,JLPT_1
押し込む,JLPT_1
惜しむ,JLPT_1
押し寄せる,JLPT_1
雄,JLPT_1
御世辞,JLPT_1
襲う,JLPT_1
遅くとも,JLPT_1
恐れ,JLPT_1
恐れ入る,JLPT_1
おだてる,JLPT_1
落ち込む,JLPT_1
落ち着き,JLPT_1
落葉,JLPT_1
乙,JLPT_1
お使い,JLPT_1
おっかない,JLPT_1
お手上げ,JLPT_1
おどおど,JLPT_1
脅す,JLPT_1
訪れる,JLPT_1
お供,JLPT_1
衰える,JLPT_1
同い年,JLPT_1
自ずから,JLPT_1
怯える,JLPT_1
おびただしい,JLPT_1
脅かす,JLPT_1
帯びる,JLPT_1
お袋,JLPT_1
覚え,JLPT_1
おまけ,JLPT_1
お宮,JLPT_1
おむつ,JLPT_1
思い付き,JLPT_1
趣,JLPT_1
赴く,JLPT_1
重んじる,JLPT_1
重んずる,JLPT_1
親父,JLPT_1
及び,JLPT_1
及ぶ,JLPT_1
折,JLPT_1
檻,JLPT_1
オリエンテーション,JLPT_1
折り返す,JLPT_1
織物,JLPT_1
俺,JLPT_1
愚か,JLPT_1
おろそか,JLPT_1
おんぶ,JLPT_1
オンライン,JLPT_1
温和,JLPT_1
我,JLPT_1
カーペット,JLPT_1
～界,JLPT_1
～街,JLPT_1
改悪,JLPT_1
海運,JLPT_1
外貨,JLPT_1
改革,JLPT_1
貝殻,JLPT_1
外観,JLPT_1
階級,JLPT_1
海峡,JLPT_1
会見,JLPT_1
介護,JLPT_1
開催,JLPT_1
回収,JLPT_1
改修,JLPT_1
怪獣,JLPT_1
解除,JLPT_1
外相,JLPT_1
害する,JLPT_1
概説,JLPT_1
回送,JLPT_1
階層,JLPT_1
開拓,JLPT_1
会談,JLPT_1
改定,JLPT_1
改訂,JLPT_1
ガイド,JLPT_1
街道,JLPT_1
該当,JLPT_1
街頭,JLPT_1
ガイドブック,JLPT_1
介入,JLPT_1
概念,JLPT_1
開発,JLPT_1
海抜,JLPT_1
介抱,JLPT_1
解剖,JLPT_1
外来,JLPT_1
回覧,JLPT_1
概略,JLPT_1
海流,JLPT_1
改良,JLPT_1
回路,JLPT_1
海路,JLPT_1
省みる,JLPT_1
顧みる,JLPT_1
顔付き,JLPT_1
課外,JLPT_1
掲げる,JLPT_1
かかと,JLPT_1
書き取る,JLPT_1
掻き回す,JLPT_1
かく (はじを),JLPT_1
～画,JLPT_1
学芸,JLPT_1
格差,JLPT_1
拡散,JLPT_1
学士,JLPT_1
各種,JLPT_1
隔週,JLPT_1
確信,JLPT_1
革新,JLPT_1
学説,JLPT_1
確定,JLPT_1
カクテル,JLPT_1
獲得,JLPT_1
楽譜,JLPT_1
確保,JLPT_1
革命,JLPT_1
確立,JLPT_1
賭,JLPT_1
掛～,JLPT_1
～掛け,JLPT_1
崖,JLPT_1
駆け足,JLPT_1
家計,JLPT_1
駆けっこ,JLPT_1
加工,JLPT_1
化合,JLPT_1
かさばる,JLPT_1
かさむ,JLPT_1
箇条書,JLPT_1
頭,JLPT_1
微か,JLPT_1
霞む,JLPT_1
擦る,JLPT_1
火星,JLPT_1
化石,JLPT_1
河川,JLPT_1
化繊,JLPT_1
過疎,JLPT_1
片～,JLPT_1
片言,JLPT_1
傾ける,JLPT_1
固める,JLPT_1
傍ら,JLPT_1
花壇,JLPT_1
家畜,JLPT_1
且つ,JLPT_1
がっくり,JLPT_1
合唱,JLPT_1
がっしり,JLPT_1
合致,JLPT_1
がっちり,JLPT_1
かつて,JLPT_1
勝手,JLPT_1
カット,JLPT_1
活発,JLPT_1
合併,JLPT_1
カテゴリー,JLPT_1
叶う,JLPT_1
叶える,JLPT_1
金槌,JLPT_1
かなわない,JLPT_1
加入,JLPT_1
予て,JLPT_1
庇う,JLPT_1
株式,JLPT_1
かぶれる,JLPT_1
花粉,JLPT_1
貨幣,JLPT_1
構える,JLPT_1
過密,JLPT_1
噛み切る,JLPT_1
カムバック,JLPT_1
カメラマン,JLPT_1
粥,JLPT_1
体付き,JLPT_1
絡む,JLPT_1
かりに,JLPT_1
カルテ,JLPT_1
ガレージ,JLPT_1
過労,JLPT_1
かろうじて,JLPT_1
交す,JLPT_1
代る代る,JLPT_1
簡易,JLPT_1
灌漑,JLPT_1
眼科,JLPT_1
眼球,JLPT_1
玩具,JLPT_1
簡潔,JLPT_1
還元,JLPT_1
看護,JLPT_1
漢語,JLPT_1
頑固,JLPT_1
勧告,JLPT_1
換算,JLPT_1
監視,JLPT_1
慣習,JLPT_1
観衆,JLPT_1
願書,JLPT_1
干渉,JLPT_1
頑丈,JLPT_1
感触,JLPT_1
肝心,JLPT_1
肝腎,JLPT_1
関税,JLPT_1
岩石,JLPT_1
感染,JLPT_1
幹線,JLPT_1
簡素,JLPT_1
観点,JLPT_1
感度,JLPT_1
カンニング,JLPT_1
元年,JLPT_1
幹部,JLPT_1
完ぺき,JLPT_1
勘弁,JLPT_1
感無量,JLPT_1
勧誘,JLPT_1
関与,JLPT_1
寛容,JLPT_1
元来,JLPT_1
観覧,JLPT_1
慣例,JLPT_1
還暦,JLPT_1
貫禄,JLPT_1
緩和,JLPT_1
議案,JLPT_1
危害,JLPT_1
企画,JLPT_1
規格,JLPT_1
着飾る,JLPT_1
気兼ね,JLPT_1
気軽,JLPT_1
危機,JLPT_1
聞き取り,JLPT_1
効き目,JLPT_1
帰京,JLPT_1
戯曲,JLPT_1
基金,JLPT_1
喜劇,JLPT_1
議決,JLPT_1
棄権,JLPT_1
既婚,JLPT_1
気障,JLPT_1
記載,JLPT_1
兆,JLPT_1
気質,JLPT_1
期日,JLPT_1
きしむ,JLPT_1
議事堂,JLPT_1
記述,JLPT_1
気象,JLPT_1
傷付く,JLPT_1
傷付ける,JLPT_1
犠牲,JLPT_1
汽船,JLPT_1
寄贈,JLPT_1
偽造,JLPT_1
貴族,JLPT_1
議題,JLPT_1
鍛える,JLPT_1
気立て,JLPT_1
来る,JLPT_1
きちっと,JLPT_1
几帳面,JLPT_1
きっかり,JLPT_1
きっちり,JLPT_1
きっぱり,JLPT_1
規定,JLPT_1
起点,JLPT_1
軌道,JLPT_1
技能,JLPT_1
規範,JLPT_1
気品,JLPT_1
気風,JLPT_1
起伏,JLPT_1
規模,JLPT_1
気まぐれ,JLPT_1
生真面目,JLPT_1
期末,JLPT_1
きまりわるい,JLPT_1
記名,JLPT_1
規約,JLPT_1
脚色,JLPT_1
逆転,JLPT_1
脚本,JLPT_1
華奢,JLPT_1
客観,JLPT_1
キャッチ,JLPT_1
キャリア,JLPT_1
救援,JLPT_1
休学,JLPT_1
究極,JLPT_1
窮屈,JLPT_1
球根,JLPT_1
救済,JLPT_1
給仕,JLPT_1
給食,JLPT_1
休戦,JLPT_1
宮殿,JLPT_1
旧知,JLPT_1
窮乏,JLPT_1
寄与,JLPT_1
強,JLPT_1
～狂,JLPT_1
驚異,JLPT_1
教科,JLPT_1
協会,JLPT_1
共学,JLPT_1
共感,JLPT_1
境遇,JLPT_1
教訓,JLPT_1
強行,JLPT_1
強硬,JLPT_1
教材,JLPT_1
凶作,JLPT_1
業者,JLPT_1
教習,JLPT_1
郷愁,JLPT_1
教職,JLPT_1
興じる,JLPT_1
強制,JLPT_1
行政,JLPT_1
業績,JLPT_1
共存,JLPT_1
協定,JLPT_1
郷土,JLPT_1
脅迫,JLPT_1
業務,JLPT_1
共鳴,JLPT_1
郷里,JLPT_1
強烈,JLPT_1
共和,JLPT_1
局限,JLPT_1
極端,JLPT_1
居住,JLPT_1
拒絶,JLPT_1
漁船,JLPT_1
漁村,JLPT_1
拒否,JLPT_1
許容,JLPT_1
清らか,JLPT_1
きらびやか,JLPT_1
～きり,JLPT_1
義理,JLPT_1
切替,JLPT_1
気流,JLPT_1
切れ目,JLPT_1
疑惑,JLPT_1
極めて,JLPT_1
近眼,JLPT_1
緊急,JLPT_1
近郊,JLPT_1
均衡,JLPT_1
禁じる,JLPT_1
勤勉,JLPT_1
吟味,JLPT_1
勤務,JLPT_1
禁物,JLPT_1
勤労,JLPT_1
クイズ,JLPT_1
食い違う,JLPT_1
空間,JLPT_1
空腹,JLPT_1
区画,JLPT_1
区間,JLPT_1
茎,JLPT_1
区切り,JLPT_1
くぐる,JLPT_1
くじ (～をひく),JLPT_1
くじびき,JLPT_1
くすぐったい,JLPT_1
愚痴,JLPT_1
口吟む,JLPT_1
嘴,JLPT_1
朽ちる,JLPT_1
覆す,JLPT_1
くっきり,JLPT_1
屈折,JLPT_1
ぐっと,JLPT_1
首飾り,JLPT_1
首輪,JLPT_1
組み込む,JLPT_1
組み合わせる,JLPT_1
蔵,JLPT_1
グレー,JLPT_1
クレーン,JLPT_1
玄人,JLPT_1
黒字,JLPT_1
軍艦,JLPT_1
軍事,JLPT_1
君主,JLPT_1
群集,JLPT_1
群衆,JLPT_1
軍備,JLPT_1
軍服,JLPT_1
芸,JLPT_1
経過,JLPT_1
軽快,JLPT_1
警戒,JLPT_1
敬具,JLPT_1
軽減,JLPT_1
掲載,JLPT_1
傾斜,JLPT_1
形成,JLPT_1
形勢,JLPT_1
軽率,JLPT_1
刑罰,JLPT_1
経費,JLPT_1
警部,JLPT_1
転換,JLPT_1
転居,JLPT_1
転勤,JLPT_1
点検,JLPT_1
電源,JLPT_1
天国,JLPT_1
天才,JLPT_1
天災,JLPT_1
展示,JLPT_1
伝説,JLPT_1
点線,JLPT_1
転じる,JLPT_1
転ずる,JLPT_1
天体,JLPT_1
伝達,JLPT_1
天地,JLPT_1
てんで,JLPT_1
転任,JLPT_1
展望,JLPT_1
伝来,JLPT_1
転落,JLPT_1
問い合わせる,JLPT_1
当～,JLPT_1
胴,JLPT_1
同意,JLPT_1
動員,JLPT_1
同感,JLPT_1
陶器,JLPT_1
討議,JLPT_1
動機,JLPT_1
等級,JLPT_1
同級,JLPT_1
同居,JLPT_1
登校,JLPT_1
統合,JLPT_1
動向,JLPT_1
投資,JLPT_1
同情,JLPT_1
道場,JLPT_1
統制,JLPT_1
当選,JLPT_1
逃走,JLPT_1
統率,JLPT_1
到達,JLPT_1
統治,JLPT_1
仕切る,JLPT_1
資金,JLPT_1
軸,JLPT_1
しくじる,JLPT_1
仕組,JLPT_1
死刑,JLPT_1
湿気る,JLPT_1
施行,JLPT_1
思考,JLPT_1
志向,JLPT_1
嗜好,JLPT_1
事項,JLPT_1
時刻表,JLPT_1
地獄,JLPT_1
時差,JLPT_1
自在,JLPT_1
視察,JLPT_1
資産,JLPT_1
支持,JLPT_1
自主,JLPT_1
自首,JLPT_1
刺繍,JLPT_1
市場,JLPT_1
辞職,JLPT_1
雫,JLPT_1
システム,JLPT_1
沈める,JLPT_1
施設,JLPT_1
事前,JLPT_1
子息,JLPT_1
持続,JLPT_1
自尊心,JLPT_1
慕う,JLPT_1
下心,JLPT_1
下地,JLPT_1
親しむ,JLPT_1
下調べ,JLPT_1
愛想,JLPT_1
間柄,JLPT_1
合間,JLPT_1
敢えて,JLPT_1
仰ぐ,JLPT_1
垢,JLPT_1
赤字,JLPT_1
明かす,JLPT_1
赤らむ,JLPT_1
上がり,JLPT_1
諦め,JLPT_1
アクセル,JLPT_1
あくどい,JLPT_1
顎,JLPT_1
憧れ,JLPT_1
麻,JLPT_1
あざ,JLPT_1
浅ましい,JLPT_1
欺く,JLPT_1
鮮やか,JLPT_1
嘲笑う,JLPT_1
悪しからず,JLPT_1
味わい,JLPT_1
焦る,JLPT_1
あせる (こえが～),JLPT_1
値,JLPT_1
値する,JLPT_1
悪化,JLPT_1
扱い,JLPT_1
呆気ない,JLPT_1
あっさり,JLPT_1
斡旋,JLPT_1
圧倒,JLPT_1
圧迫,JLPT_1
あつらえる,JLPT_1
圧力,JLPT_1
当て,JLPT_1
～宛,JLPT_1
当て字,JLPT_1
跡継ぎ,JLPT_1
後回し,JLPT_1
油絵,JLPT_1
アプローチ,JLPT_1
あべこべ,JLPT_1
甘える,JLPT_1
雨具,JLPT_1
甘口,JLPT_1
アマチュア,JLPT_1
網,JLPT_1
操る,JLPT_1
危ぶむ,JLPT_1
あやふや,JLPT_1
過ち,JLPT_1
誤る,JLPT_1
歩み,JLPT_1
歩む,JLPT_1
予め,JLPT_1
荒らす,JLPT_1
争い,JLPT_1
改まる,JLPT_1
荒っぽい,JLPT_1
アラブ,JLPT_1
霰,JLPT_1
有り様,JLPT_1
ありのまま,JLPT_1
ありふれる,JLPT_1
アルカリ,JLPT_1
アルミ,JLPT_1
アワー,JLPT_1
合わす,JLPT_1
～合せ,JLPT_1
アンコール,JLPT_1
暗殺,JLPT_1
暗算,JLPT_1
暗示,JLPT_1
案じる,JLPT_1
安静,JLPT_1
案の定,JLPT_1
いい加減,JLPT_1
言い訳,JLPT_1
イェス,JLPT_1
家出,JLPT_1
生かす,JLPT_1
いかに,JLPT_1
いかにも,JLPT_1
異議,JLPT_1
生き甲斐,JLPT_1
行き違い,JLPT_1
意気込む,JLPT_1
育成,JLPT_1
幾多,JLPT_1
"(花を〜) 生ける, 活ける",JLPT_1
異見,JLPT_1
意向,JLPT_1
移行,JLPT_1
いざ,JLPT_1
移住,JLPT_1
衣装,JLPT_1
いじる,JLPT_1
異性,JLPT_1
遺跡,JLPT_1
依存,JLPT_1
委託,JLPT_1
いたって,JLPT_1
出世,JLPT_1
出題,JLPT_1
出動,JLPT_1
出費,JLPT_1
出品,JLPT_1
主導,JLPT_1
主任,JLPT_1
首脳,JLPT_1
守備,JLPT_1
手法,JLPT_1
樹木,JLPT_1
樹立,JLPT_1
準急,JLPT_1
準じる,JLPT_1
～署,JLPT_1
～症,JLPT_1
～証,JLPT_1
～嬢,JLPT_1
上位,JLPT_1
上演,JLPT_1
城下,JLPT_1
消去,JLPT_1
上空,JLPT_1
衝撃,JLPT_1
証言,JLPT_1
証拠,JLPT_1
照合,JLPT_1
詳細,JLPT_1
上昇,JLPT_1
昇進,JLPT_1
称する,JLPT_1
情勢,JLPT_1
消息,JLPT_1
承諾,JLPT_1
情緒,JLPT_1
情緒,JLPT_1
象徴,JLPT_1
小児科,JLPT_1
使用人,JLPT_1
情熱,JLPT_1
譲歩,JLPT_1
条約,JLPT_1
勝利,JLPT_1
上陸,JLPT_1
蒸溜,JLPT_1
奨励,JLPT_1
ショー,JLPT_1
除外,JLPT_1
職員,JLPT_1
植民地,JLPT_1
職務,JLPT_1
諸君,JLPT_1
助言,JLPT_1
徐行,JLPT_1
所在,JLPT_1
所持,JLPT_1
所属,JLPT_1
処置,JLPT_1
しょっちゅう,JLPT_1
所定,JLPT_1
所得,JLPT_1
処罰,JLPT_1
初版,JLPT_1
書評,JLPT_1
処分,JLPT_1
庶民,JLPT_1
庶務,JLPT_1
所有,JLPT_1
調べ,JLPT_1
自立,JLPT_1
記す,JLPT_1
指令,JLPT_1
～心,JLPT_1
陣,JLPT_1
進化,JLPT_1
人格,JLPT_1
審議,JLPT_1
新婚,JLPT_1
審査,JLPT_1
人材,JLPT_1
紳士,JLPT_1
真実,JLPT_1
信者,JLPT_1
真珠,JLPT_1
進出,JLPT_1
心情,JLPT_1
新人,JLPT_1
神聖,JLPT_1
親善,JLPT_1
真相,JLPT_1
迅速,JLPT_1
人体,JLPT_1
新築,JLPT_1
心中,JLPT_1
進呈,JLPT_1
進展,JLPT_1
神殿,JLPT_1
進度,JLPT_1
振動,JLPT_1
新入生,JLPT_1
信任,JLPT_1
神秘,JLPT_1
辛抱,JLPT_1
人民,JLPT_1
侵略,JLPT_1
診療,JLPT_1
粋,JLPT_1
水源,JLPT_1
推進,JLPT_1
吹奏,JLPT_1
推測,JLPT_1
水田,JLPT_1
推理,JLPT_1
数詞,JLPT_1
崇拝,JLPT_1
据え付ける,JLPT_1
据える,JLPT_1
すがすがしい,JLPT_1
救い,JLPT_1
すくう (みずを～),JLPT_1
健やか,JLPT_1
濯ぐ,JLPT_1
進み,JLPT_1
裾,JLPT_1
スタジオ,JLPT_1
スチーム,JLPT_1
ストライキ,JLPT_1
スト,JLPT_1
ストロー,JLPT_1
ストロボ,JLPT_1
すばしこい,JLPT_1
素早い,JLPT_1
ずばり,JLPT_1
スプリング,JLPT_1
スペース,JLPT_1
ずぶぬれ,JLPT_1
スポーツカー,JLPT_1
澄ます,JLPT_1
清ます,JLPT_1
済ます,JLPT_1
すみやか,JLPT_1
スラックス,JLPT_1
ずらっと,JLPT_1
ずるずる,JLPT_1
ずれ,JLPT_1
すれちがい,JLPT_1
擦れる,JLPT_1
すんなり,JLPT_1
生育,JLPT_1
成育,JLPT_1
成果,JLPT_1
正解,JLPT_1
正義,JLPT_1
生計,JLPT_1
政権,JLPT_1
星座,JLPT_1
制裁,JLPT_1
政策,JLPT_1
生死,JLPT_1
静止,JLPT_1
誠実,JLPT_1
成熟,JLPT_1
青春,JLPT_1
清純,JLPT_1
聖書,JLPT_1
正常,JLPT_1
制する,JLPT_1
整然,JLPT_1
盛装,JLPT_1
盛大,JLPT_1
清濁,JLPT_1
制定,JLPT_1
静的,JLPT_1
製鉄,JLPT_1
晴天,JLPT_1
正当,JLPT_1
制服,JLPT_1
征服,JLPT_1
製法,JLPT_1
精密,JLPT_1
税務署,JLPT_1
制約,JLPT_1
勢力,JLPT_1
整列,JLPT_1
セール,JLPT_1
急かす,JLPT_1
伜,JLPT_1
責務,JLPT_1
セクション,JLPT_1
世辞,JLPT_1
世帯,JLPT_1
是正,JLPT_1
世代,JLPT_1
切開,JLPT_1
セックス,JLPT_1
切実,JLPT_1
接触,JLPT_1
接続詞,JLPT_1
設置,JLPT_1
折衷,JLPT_1
設定,JLPT_1
説得,JLPT_1
切ない,JLPT_1
絶版,JLPT_1
設立,JLPT_1
攻め,JLPT_1
ゼリー,JLPT_1
セレモニー,JLPT_1
世論,JLPT_1
先,JLPT_1
繊維,JLPT_1
全快,JLPT_1
宣教,JLPT_1
宣言,JLPT_1
戦災,JLPT_1
専修,JLPT_1
戦術,JLPT_1
センス,JLPT_1
潜水,JLPT_1
全盛,JLPT_1
先代,JLPT_1
先だって,JLPT_1
先着,JLPT_1
前提,JLPT_1
先天的,JLPT_1
前途,JLPT_1
戦闘,JLPT_1
潜入,JLPT_1
船舶,JLPT_1
全滅,JLPT_1
専用,JLPT_1
占領,JLPT_1
善良,JLPT_1
戦力,JLPT_1
前例,JLPT_1
相応,JLPT_1
総会,JLPT_1
創刊,JLPT_1
雑木,JLPT_1
早急,JLPT_1
早急,JLPT_1
増強,JLPT_1
送金,JLPT_1
走行,JLPT_1
総合,JLPT_1
捜索,JLPT_1
蔵相,JLPT_1
装飾,JLPT_1
増進,JLPT_1
相対,JLPT_1
壮大,JLPT_1
騒動,JLPT_1
遭難,JLPT_1
相場,JLPT_1
装備,JLPT_1
創立,JLPT_1
添える,JLPT_1
ソース,JLPT_1
即座に,JLPT_1
促進,JLPT_1
即する,JLPT_1
束縛,JLPT_1
側面,JLPT_1
損う,JLPT_1
そこら,JLPT_1
素材,JLPT_1
阻止,JLPT_1
訴訟,JLPT_1
育ち,JLPT_1
措置,JLPT_1
ソックス,JLPT_1
素っ気無い,JLPT_1
外方,JLPT_1
備え付ける,JLPT_1
備わる,JLPT_1
具わる,JLPT_1
聳える,JLPT_1
素朴,JLPT_1
背く,JLPT_1
染まる,JLPT_1
染める,JLPT_1
そらす,JLPT_1
そり (～にのる),JLPT_1
反る,JLPT_1
それゆえ,JLPT_1
ソロ,JLPT_1
揃い,JLPT_1
ぞんざい,JLPT_1
損失,JLPT_1
存続,JLPT_1
ダース,JLPT_1
対応,JLPT_1
大家,JLPT_1
退化,JLPT_1
大概,JLPT_1
体格,JLPT_1
大金,JLPT_1
待遇,JLPT_1
対決,JLPT_1
体験,JLPT_1
対抗,JLPT_1
退治,JLPT_1
大衆,JLPT_1
対処,JLPT_1
退職,JLPT_1
題する,JLPT_1
態勢,JLPT_1
対談,JLPT_1
大胆,JLPT_1
対等,JLPT_1
台無し,JLPT_1
滞納,JLPT_1
対比,JLPT_1
タイピスト,JLPT_1
大部,JLPT_1
大便,JLPT_1
代弁,JLPT_1
待望,JLPT_1
台本,JLPT_1
タイマー,JLPT_1
怠慢,JLPT_1
タイミング,JLPT_1
タイム,JLPT_1
タイムリー,JLPT_1
対面,JLPT_1
代用,JLPT_1
体力,JLPT_1
タイル,JLPT_1
対話,JLPT_1
耐える,JLPT_1
堪える,JLPT_1
絶える,JLPT_1
断える,JLPT_1
打開,JLPT_1
焚火,JLPT_1
妥協,JLPT_1
たくましい,JLPT_1
巧み,JLPT_1
丈,JLPT_1
打撃,JLPT_1
妥結,JLPT_1
駄作,JLPT_1
足し算,JLPT_1
多数決,JLPT_1
助け,JLPT_1
携わる,JLPT_1
漂う,JLPT_1
立ち去る,JLPT_1
立ち寄る,JLPT_1
抱っこ,JLPT_1
達者,JLPT_1
脱出,JLPT_1
脱する,JLPT_1
達成,JLPT_1
脱退,JLPT_1
だったら,JLPT_1
立て替える,JLPT_1
建前,JLPT_1
奉る,JLPT_1
だと,JLPT_1
他動詞,JLPT_1
辿り着く,JLPT_1
辿る,JLPT_1
束ねる,JLPT_1
だぶだぶ,JLPT_1
他方,JLPT_1
多忙,JLPT_1
給う,JLPT_1
魂,JLPT_1
溜まり,JLPT_1
賜る,JLPT_1
保つ,JLPT_1
たやすい,JLPT_1
多様,JLPT_1
だるい,JLPT_1
弛み,JLPT_1
弛む,JLPT_1
垂れる,JLPT_1
タレント,JLPT_1
タワー,JLPT_1
単一,JLPT_1
短歌,JLPT_1
担架,JLPT_1
短気,JLPT_1
団結,JLPT_1
探検,JLPT_1
断言,JLPT_1
短縮,JLPT_1
断然,JLPT_1
炭素,JLPT_1
短大,JLPT_1
単調,JLPT_1
単独,JLPT_1
旦那,JLPT_1
短波,JLPT_1
蛋白質,JLPT_1
ダンプ,JLPT_1
断面,JLPT_1
弾力,JLPT_1
治安,JLPT_1
チームワーク,JLPT_1
チェンジ,JLPT_1
違える,JLPT_1
畜産,JLPT_1
畜生,JLPT_1
蓄積,JLPT_1
地形,JLPT_1
知性,JLPT_1
乳,JLPT_1
縮まる,JLPT_1
秩序,JLPT_1
窒息,JLPT_1
知的,JLPT_1
着手,JLPT_1
着色,JLPT_1
着席,JLPT_1
着目,JLPT_1
着陸,JLPT_1
着工,JLPT_1
茶の間,JLPT_1
茶の湯,JLPT_1
ちやほや,JLPT_1
チャンネル,JLPT_1
宙返り,JLPT_1
中継,JLPT_1
忠告,JLPT_1
中傷,JLPT_1
中枢,JLPT_1
抽選,JLPT_1
中断,JLPT_1
中毒,JLPT_1
中腹,JLPT_1
中立,JLPT_1
中和,JLPT_1
～著,JLPT_1
腸,JLPT_1
蝶,JLPT_1
超,JLPT_1
調印,JLPT_1
聴覚,JLPT_1
長官,JLPT_1
聴講,JLPT_1
徴収,JLPT_1
聴診器,JLPT_1
調停,JLPT_1
重複,JLPT_1
長編,JLPT_1
重宝,JLPT_1
調理,JLPT_1
調和,JLPT_1
ちょくちょく,JLPT_1
直面,JLPT_1
著書,JLPT_1
貯蓄,JLPT_1
直感,JLPT_1
著名,JLPT_1
ちらっと,JLPT_1
塵,JLPT_1
塵取り,JLPT_1
賃金,JLPT_1
沈殿,JLPT_1
沈没,JLPT_1
沈黙,JLPT_1
陳列,JLPT_1
追及,JLPT_1
追跡,JLPT_1
追放,JLPT_1
費やす,JLPT_1
墜落,JLPT_1
痛感,JLPT_1
通常,JLPT_1
痛切,JLPT_1
杖,JLPT_1
使い道,JLPT_1
仕える,JLPT_1
司る,JLPT_1
つかの間,JLPT_1
月並,JLPT_1
継目,JLPT_1
尽きる,JLPT_1
尽くす,JLPT_1
つくづく,JLPT_1
作り,JLPT_1
造り,JLPT_1
繕う,JLPT_1
付け加える,JLPT_1
告げる,JLPT_1
つじつま (はなしの～),JLPT_1
筒,JLPT_1
突く,JLPT_1
突っ突く,JLPT_1
謹む,JLPT_1
突っ張る,JLPT_1
務まる,JLPT_1
勤め先,JLPT_1
努めて,JLPT_1
津波,JLPT_1
つねる,JLPT_1
角,JLPT_1
募る,JLPT_1
唾,JLPT_1
呟く,JLPT_1
つぶら,JLPT_1
つぶる (めを～),JLPT_1
壷,JLPT_1
蕾,JLPT_1
連なる,JLPT_1
貫く,JLPT_1
連ねる,JLPT_1
釣り鐘,JLPT_1
吊り革,JLPT_1
手当,JLPT_1
定義,JLPT_1
提供,JLPT_1
提携,JLPT_1
体裁,JLPT_1
提示,JLPT_1
ティシュペーパー,JLPT_1
定食,JLPT_1
訂正,JLPT_1
停滞,JLPT_1
邸宅,JLPT_1
定年,JLPT_1
堤防,JLPT_1
手遅れ,JLPT_1
でかい,JLPT_1
手掛かり,JLPT_1
手掛ける,JLPT_1
手数,JLPT_1
手軽,JLPT_1
適応,JLPT_1
適宜,JLPT_1
適性,JLPT_1
できもの,JLPT_1
手際,JLPT_1
出くわす,JLPT_1
手順,JLPT_1
手錠,JLPT_1
手数,JLPT_1
デコレーション,JLPT_1
手近,JLPT_1
てっきり,JLPT_1
鉄鋼,JLPT_1
デッサン,JLPT_1
徹する,JLPT_1
てっぺん,JLPT_1
鉄棒,JLPT_1
出直し,JLPT_1
掌,JLPT_1
手配,JLPT_1
手筈,JLPT_1
手引,JLPT_1
手本,JLPT_1
手回し,JLPT_1
手元,JLPT_1
デモンストレーション,JLPT_1
照り返す,JLPT_1
テレックス,JLPT_1
手分け,JLPT_1
天,JLPT_1
田園,JLPT_1
天下,JLPT_1
転回,JLPT_1
連休,JLPT_1
レンジ,JLPT_1
連日,JLPT_1
連帯,JLPT_1
レンタカー,JLPT_1
連中,JLPT_1
レントゲン,JLPT_1
連邦,JLPT_1
連盟,JLPT_1
老衰,JLPT_1
朗読,JLPT_1
浪費,JLPT_1
労力,JLPT_1
ロープウエイ,JLPT_1
ロープ,JLPT_1
ろくな,JLPT_1
露骨,JLPT_1
ロマンチック,JLPT_1
論議,JLPT_1
論理,JLPT_1
惑星,JLPT_1
技,JLPT_1
わざわざ,JLPT_1
煩わしい,JLPT_1
渡り鳥,JLPT_1
ワット,JLPT_1
詫び,JLPT_1
和文,JLPT_1
藁,JLPT_1
～割,JLPT_1
割当,JLPT_1
割込む,JLPT_1
悪者,JLPT_1
我,JLPT_1
捗る,JLPT_1
はかない,JLPT_1
ばかばかしい,JLPT_1
破棄,JLPT_1
剥ぐ,JLPT_1
迫害,JLPT_1
薄弱,JLPT_1
白状,JLPT_1
漠然,JLPT_1
爆弾,JLPT_1
爆破,JLPT_1
暴露,JLPT_1
励ます,JLPT_1
励む,JLPT_1
剥げる,JLPT_1
化ける,JLPT_1
派遣,JLPT_1
恥,JLPT_1
弾く,JLPT_1
パジャマ,JLPT_1
恥じらう,JLPT_1
恥じる,JLPT_1
橋渡し,JLPT_1
弾む,JLPT_1
破損,JLPT_1
叩く,JLPT_1
裸足,JLPT_1
果たす,JLPT_1
蜂蜜,JLPT_1
パチンコ,JLPT_1
罰,JLPT_1
発育,JLPT_1
発芽,JLPT_1
発掘,JLPT_1
発言,JLPT_1
バッジ,JLPT_1
発生,JLPT_1
仕立てる,JLPT_1
下取り,JLPT_1
下火,JLPT_1
実,JLPT_1
実家,JLPT_1
失格,JLPT_1
質疑,JLPT_1
失脚,JLPT_1
実業家,JLPT_1
シック,JLPT_1
じっくり,JLPT_1
躾,JLPT_1
躾ける,JLPT_1
実践,JLPT_1
質素,JLPT_1
実態,JLPT_1
失調,JLPT_1
嫉妬,JLPT_1
実費,JLPT_1
指摘,JLPT_1
自転,JLPT_1
助動詞,JLPT_1
淑やか,JLPT_1
萎びる,JLPT_1
シナリオ,JLPT_1
しなやか,JLPT_1
屎尿,JLPT_1
地主,JLPT_1
凌ぐ,JLPT_1
芝,JLPT_1
始発,JLPT_1
耳鼻科,JLPT_1
私物,JLPT_1
しぶとい,JLPT_1
司法,JLPT_1
始末,JLPT_1
染みる,JLPT_1
使命,JLPT_1
地元,JLPT_1
視野,JLPT_1
弱,JLPT_1
社交,JLPT_1
ジャズ,JLPT_1
謝絶,JLPT_1
社宅,JLPT_1
若干,JLPT_1
三味線,JLPT_1
斜面,JLPT_1
砂利,JLPT_1
洒落る,JLPT_1
ジャンパー,JLPT_1
ジャンプ,JLPT_1
ジャンボ,JLPT_1
ジャンル,JLPT_1
主,JLPT_1
種,JLPT_1
私有,JLPT_1
～宗,JLPT_1
収益,JLPT_1
修学,JLPT_1
周期,JLPT_1
衆議院,JLPT_1
就業,JLPT_1
従業員,JLPT_1
集計,JLPT_1
襲撃,JLPT_1
収支,JLPT_1
終始,JLPT_1
修士,JLPT_1
従事,JLPT_1
終日,JLPT_1
充実,JLPT_1
収集,JLPT_1
十字路,JLPT_1
執着,JLPT_1
執着,JLPT_1
柔軟,JLPT_1
重複,JLPT_1
収容,JLPT_1
従来,JLPT_1
守衛,JLPT_1
主演,JLPT_1
主観,JLPT_1
修行,JLPT_1
塾,JLPT_1
祝賀,JLPT_1
宿命,JLPT_1
手芸,JLPT_1
主権,JLPT_1
主催,JLPT_1
取材,JLPT_1
趣旨,JLPT_1
種々,JLPT_1
主食,JLPT_1
主人公,JLPT_1
主体,JLPT_1
主題,JLPT_1
出演,JLPT_1
出血,JLPT_1
出現,JLPT_1
出産,JLPT_1
出社,JLPT_1
出生,JLPT_1
出生,JLPT_1
微量,JLPT_1
昼飯,JLPT_1
比例,JLPT_1
疲労,JLPT_1
敏感,JLPT_1
貧困,JLPT_1
品質,JLPT_1
貧弱,JLPT_1
品種,JLPT_1
ヒント,JLPT_1
頻繁,JLPT_1
貧乏,JLPT_1
ファイト,JLPT_1
ファイル,JLPT_1
ファン,JLPT_1
不意,JLPT_1
フィルタ,JLPT_1
封,JLPT_1
封鎖,JLPT_1
風車,JLPT_1
風習,JLPT_1
風俗,JLPT_1
ブーツ,JLPT_1
風土,JLPT_1
ブーム,JLPT_1
フォーム,JLPT_1
部下,JLPT_1
不可欠,JLPT_1
ぶかぶか,JLPT_1
不吉,JLPT_1
不況,JLPT_1
布巾,JLPT_1
複合,JLPT_1
福祉,JLPT_1
覆面,JLPT_1
膨れる,JLPT_1
不景気,JLPT_1
耽る,JLPT_1
老ける,JLPT_1
富豪,JLPT_1
布告,JLPT_1
ブザー,JLPT_1
負債,JLPT_1
不在,JLPT_1
ふさわしい,JLPT_1
不順,JLPT_1
負傷,JLPT_1
侮辱,JLPT_1
不審,JLPT_1
不振,JLPT_1
武装,JLPT_1
札,JLPT_1
負担,JLPT_1
不調,JLPT_1
復活,JLPT_1
物議,JLPT_1
復旧,JLPT_1
復興,JLPT_1
物資,JLPT_1
仏像,JLPT_1
物体,JLPT_1
沸騰,JLPT_1
不当,JLPT_1
不動産,JLPT_1
無難,JLPT_1
赴任,JLPT_1
腐敗,JLPT_1
不評,JLPT_1
不服,JLPT_1
普遍,JLPT_1
踏まえる,JLPT_1
踏み込む,JLPT_1
不明,JLPT_1
部門,JLPT_1
扶養,JLPT_1
ふらふら,JLPT_1
ぶらぶら,JLPT_1
振り返る,JLPT_1
振り出し,JLPT_1
不良,JLPT_1
浮力,JLPT_1
武力,JLPT_1
ブル,JLPT_1
震わせる,JLPT_1
無礼,JLPT_1
付録,JLPT_1
フロント,JLPT_1
憤慨,JLPT_1
文化財,JLPT_1
分業,JLPT_1
文語,JLPT_1
分散,JLPT_1
分子,JLPT_1
紛失,JLPT_1
噴出,JLPT_1
文書,JLPT_1
紛争,JLPT_1
ふんだん,JLPT_1
分担,JLPT_1
奮闘,JLPT_1
分配,JLPT_1
分母,JLPT_1
粉末,JLPT_1
分離,JLPT_1
分裂,JLPT_1
ペア,JLPT_1
兵器,JLPT_1
閉口,JLPT_1
閉鎖,JLPT_1
兵士,JLPT_1
平常,JLPT_1
平方,JLPT_1
並列,JLPT_1
ベース,JLPT_1
辟易,JLPT_1
ぺこぺこ,JLPT_1
ベスト,JLPT_1
ベストセラー,JLPT_1
隔たる,JLPT_1
縁,JLPT_1
へりくだる,JLPT_1
弁解,JLPT_1
変革,JLPT_1
返還,JLPT_1
便宜,JLPT_1
偏見,JLPT_1
弁護,JLPT_1
返済,JLPT_1
弁償,JLPT_1
変遷,JLPT_1
返答,JLPT_1
変動,JLPT_1
弁論,JLPT_1
穂,JLPT_1
保育,JLPT_1
ボイコット,JLPT_1
ポイント,JLPT_1
法案,JLPT_1
防衛,JLPT_1
防火,JLPT_1
崩壊,JLPT_1
妨害,JLPT_1
法学,JLPT_1
封建,JLPT_1
豊作,JLPT_1
方策,JLPT_1
奉仕,JLPT_1
方式,JLPT_1
放射,JLPT_1
放射能,JLPT_1
報酬,JLPT_1
放出,JLPT_1
報じる,JLPT_1
報ずる,JLPT_1
紡績,JLPT_1
呆然,JLPT_1
放置,JLPT_1
膨張,JLPT_1
法廷,JLPT_1
報道,JLPT_1
冒頭,JLPT_1
暴動,JLPT_1
褒美,JLPT_1
暴風,JLPT_1
葬る,JLPT_1
放り込む,JLPT_1
放り出す,JLPT_1
暴力,JLPT_1
飽和,JLPT_1
ホース,JLPT_1
ポーズ,JLPT_1
ホール,JLPT_1
保温,JLPT_1
捕獲,JLPT_1
保管,JLPT_1
補給,JLPT_1
補強,JLPT_1
募金,JLPT_1
牧師,JLPT_1
捕鯨,JLPT_1
惚ける,JLPT_1
保険,JLPT_1
母校,JLPT_1
母国,JLPT_1
誇る,JLPT_1
綻びる,JLPT_1
干し～,JLPT_1
ポジション,JLPT_1
干し物,JLPT_1
保守,JLPT_1
補充,JLPT_1
補助,JLPT_1
舗装,JLPT_1
補足,JLPT_1
墓地,JLPT_1
発作,JLPT_1
没収,JLPT_1
発足,JLPT_1
ポット,JLPT_1
ほっぺた,JLPT_1
ぼつぼつ,JLPT_1
没落,JLPT_1
解ける,JLPT_1
施す,JLPT_1
ほとり,JLPT_1
ぼやく,JLPT_1
ぼやける,JLPT_1
保養,JLPT_1
捕虜,JLPT_1
ボルト,JLPT_1
滅びる,JLPT_1
滅ぼす,JLPT_1
本格,JLPT_1
本館,JLPT_1
本気,JLPT_1
本国,JLPT_1
本質,JLPT_1
本体,JLPT_1
本音,JLPT_1
本能,JLPT_1
本場,JLPT_1
ポンプ,JLPT_1
本文,JLPT_1
本名,JLPT_1
マーク,JLPT_1
マイ～,JLPT_1
マイクロフォン,JLPT_1
埋蔵,JLPT_1
舞う,JLPT_1
真上,JLPT_1
前売,JLPT_1
前置き,JLPT_1
任す,JLPT_1
負かす,JLPT_1
賄う,JLPT_1
紛らわしい,JLPT_1
紛れる,JLPT_1
真心,JLPT_1
まごつく,JLPT_1
誠,JLPT_1
誠に,JLPT_1
まさしく,JLPT_1
勝る,JLPT_1
～増し,JLPT_1
交える,JLPT_1
真下,JLPT_1
まして,JLPT_1
交わる,JLPT_1
麻酔,JLPT_1
またがる (うまを～),JLPT_1
待ち合わせ,JLPT_1
待ち遠しい,JLPT_1
待ち望む,JLPT_1
まちまち,JLPT_1
末期,JLPT_1
真っ二つ,JLPT_1
まと,JLPT_1
纏まり,JLPT_1
纏め,JLPT_1
免れる,JLPT_1
招き,JLPT_1
瞬き,JLPT_1
麻痺,JLPT_1
～まみれ,JLPT_1
眉,JLPT_1
鞠,JLPT_1
丸ごと,JLPT_1
まるっきり,JLPT_1
丸々,JLPT_1
丸める,JLPT_1
満月,JLPT_1
満場,JLPT_1
真ん前,JLPT_1
真ん丸い,JLPT_1
真ん円い,JLPT_1
～味,JLPT_1
見合い,JLPT_1
見合わせる,JLPT_1
見落とす,JLPT_1
未開,JLPT_1
味覚,JLPT_1
幹,JLPT_1
見苦しい,JLPT_1
見込み,JLPT_1
未婚,JLPT_1
未熟,JLPT_1
微塵,JLPT_1
水気,JLPT_1
ミスプリント,JLPT_1
みすぼらしい,JLPT_1
ミセス,JLPT_1
見せびらかす,JLPT_1
見せ物,JLPT_1
溝,JLPT_1
満たす,JLPT_1
乱す,JLPT_1
乱れる,JLPT_1
未知,JLPT_1
身近,JLPT_1
導く,JLPT_1
密集,JLPT_1
密接,JLPT_1
密度,JLPT_1
見積もり,JLPT_1
未定,JLPT_1
見通し,JLPT_1
見なす,JLPT_1
源,JLPT_1
見習う,JLPT_1
身なり,JLPT_1
峰,JLPT_1
身の上,JLPT_1
見逃す,JLPT_1
身の回り,JLPT_1
見計らう,JLPT_1
見晴らし,JLPT_1
身振り,JLPT_1
脈,JLPT_1
ミュージック,JLPT_1
未練,JLPT_1
見渡す,JLPT_1
民宿,JLPT_1
民族,JLPT_1
民俗,JLPT_1
無意味,JLPT_1
ムード,JLPT_1
無口,JLPT_1
婿,JLPT_1
無効,JLPT_1
無言,JLPT_1
無邪気,JLPT_1
むしる,JLPT_1
結び,JLPT_1
結び付き,JLPT_1
結び付く,JLPT_1
結び付ける,JLPT_1
無線,JLPT_1
無駄遣い,JLPT_1
無断,JLPT_1
無知,JLPT_1
無茶,JLPT_1
無茶苦茶,JLPT_1
空しい,JLPT_1
無念,JLPT_1
無能,JLPT_1
無闇に,JLPT_1
無用,JLPT_1
斑,JLPT_1
群がる,JLPT_1
無論,JLPT_1
名産,JLPT_1
名称,JLPT_1
命中,JLPT_1
明白,JLPT_1
名簿,JLPT_1
名誉,JLPT_1
明瞭,JLPT_1
明朗,JLPT_1
メーカー,JLPT_1
目方,JLPT_1
恵み,JLPT_1
恵む,JLPT_1
目覚しい,JLPT_1
目覚める,JLPT_1
召す,JLPT_1
雌,JLPT_1
目付き,JLPT_1
滅亡,JLPT_1
メディア,JLPT_1
目途,JLPT_1
目盛,JLPT_1
メロディー,JLPT_1
面会,JLPT_1
免除,JLPT_1
面する,JLPT_1
面目,JLPT_1
面目,JLPT_1
～網,JLPT_1
設ける,JLPT_1
申し入れる,JLPT_1
申込,JLPT_1
申出,JLPT_1
申し出る,JLPT_1
申し分,JLPT_1
盲点,JLPT_1
猛烈,JLPT_1
モーテル,JLPT_1
もがく,JLPT_1
目録,JLPT_1
目論見,JLPT_1
模型,JLPT_1
模索,JLPT_1
もしかして,JLPT_1
もしくは,JLPT_1
もたらす,JLPT_1
持ち切り,JLPT_1
目下,JLPT_1
専ら,JLPT_1
もてなす,JLPT_1
もてる,JLPT_1
モニター,JLPT_1
物好き,JLPT_1
物足りない,JLPT_1
もはや,JLPT_1
模範,JLPT_1
模倣,JLPT_1
もめる,JLPT_1
股,JLPT_1
腿,JLPT_1
催す,JLPT_1
漏らす,JLPT_1
盛り上がる,JLPT_1
漏る,JLPT_1
漏れる,JLPT_1
脆い,JLPT_1
もろに,JLPT_1
矢,JLPT_1
野外,JLPT_1
～薬,JLPT_1
夜具,JLPT_1
役職,JLPT_1
役場,JLPT_1
やけに,JLPT_1
屋敷,JLPT_1
養う,JLPT_1
野心,JLPT_1
安っぽい,JLPT_1
休める,JLPT_1
野生,JLPT_1
奴,JLPT_1
闇,JLPT_1
病む,JLPT_1
ややこしい,JLPT_1
やりとおす,JLPT_1
やりとげる,JLPT_1
和らげる,JLPT_1
ヤング,JLPT_1
～油,JLPT_1
優位,JLPT_1
憂鬱,JLPT_1
有益,JLPT_1
優越,JLPT_1
勇敢,JLPT_1
夕暮れ,JLPT_1
融資,JLPT_1
有する,JLPT_1
優勢,JLPT_1
優先,JLPT_1
誘導,JLPT_1
融通,JLPT_1
優美,JLPT_1
有望,JLPT_1
遊牧,JLPT_1
夕焼け,JLPT_1
有力,JLPT_1
幽霊,JLPT_1
誘惑,JLPT_1
故,JLPT_1
歪む,JLPT_1
揺さぶる,JLPT_1
濯ぐ,JLPT_1
ゆとり,JLPT_1
ユニーク,JLPT_1
ユニフォーム,JLPT_1
指差す,JLPT_1
弓,JLPT_1
揺らぐ,JLPT_1
緩む,JLPT_1
緩める,JLPT_1
緩やか,JLPT_1
要因,JLPT_1
溶液,JLPT_1
用件,JLPT_1
養護,JLPT_1
用紙,JLPT_1
様式,JLPT_1
要する,JLPT_1
要請,JLPT_1
様相,JLPT_1
用品,JLPT_1
洋風,JLPT_1
用法,JLPT_1
要望,JLPT_1
余暇,JLPT_1
予感,JLPT_1
余興,JLPT_1
預金,JLPT_1
欲,JLPT_1
抑圧,JLPT_1
浴室,JLPT_1
抑制,JLPT_1
欲深い,JLPT_1
欲望,JLPT_1
避ける,JLPT_1
予言,JLPT_1
横綱,JLPT_1
汚れ,JLPT_1
よし (かん),JLPT_1
良し,JLPT_1
善し悪し,JLPT_1
余所見,JLPT_1
余地,JLPT_1
よって (よりどころ),JLPT_1
与党,JLPT_1
呼び止める,JLPT_1
夜更し,JLPT_1
夜更け,JLPT_1
余程,JLPT_1
読み上げる,JLPT_1
～寄り,JLPT_1
寄り掛かる,JLPT_1
世論,JLPT_1
弱る,JLPT_1
来場,JLPT_1
ライス,JLPT_1
酪農,JLPT_1
落下,JLPT_1
楽観,JLPT_1
ランプ,JLPT_1
濫用,JLPT_1
リード,JLPT_1
理屈,JLPT_1
利子,JLPT_1
利潤,JLPT_1
理性,JLPT_1
利息,JLPT_1
立体,JLPT_1
立方,JLPT_1
立法,JLPT_1
利点,JLPT_1
略奪,JLPT_1
略語,JLPT_1
流通,JLPT_1
領域,JLPT_1
了解,JLPT_1
領海,JLPT_1
両極,JLPT_1
良好,JLPT_1
良識,JLPT_1
良質,JLPT_1
了承,JLPT_1
良心,JLPT_1
領地,JLPT_1
領土,JLPT_1
両立,JLPT_1
旅客,JLPT_1
旅券,JLPT_1
履歴,JLPT_1
理論,JLPT_1
林業,JLPT_1
類,JLPT_1
類推,JLPT_1
類似,JLPT_1
ルーズ,JLPT_1
冷酷,JLPT_1
冷蔵,JLPT_1
冷淡,JLPT_1
レース,JLPT_1
レギュラー,JLPT_1
レッスン,JLPT_1
レディー,JLPT_1
レバー,JLPT_1
恋愛,JLPT_1
バッテリー,JLPT_1
バット,JLPT_1
発病,JLPT_1
初耳,JLPT_1
果て,JLPT_1
果てる,JLPT_1
ばてる,JLPT_1
パトカー,JLPT_1
甚だ,JLPT_1
華々しい,JLPT_1
花びら,JLPT_1
華やか,JLPT_1
阻む,JLPT_1
浜,JLPT_1
浜辺,JLPT_1
はまる,JLPT_1
早める,JLPT_1
腹立ち,JLPT_1
原っぱ,JLPT_1
はらはら,JLPT_1
ばらまく,JLPT_1
張り紙,JLPT_1
遥か,JLPT_1
破裂,JLPT_1
腫れる,JLPT_1
繁栄,JLPT_1
版画,JLPT_1
ハンガー,JLPT_1
反感,JLPT_1
反響,JLPT_1
パンク,JLPT_1
反撃,JLPT_1
判決,JLPT_1
反射,JLPT_1
繁盛,JLPT_1
繁殖,JLPT_1
反する,JLPT_1
判定,JLPT_1
万人,JLPT_1
晩年,JLPT_1
反応,JLPT_1
万能,JLPT_1
半端,JLPT_1
反発,JLPT_1
反乱,JLPT_1
氾濫,JLPT_1
美,JLPT_1
ひいては,JLPT_1
ビールス,JLPT_1
控室,JLPT_1
控える,JLPT_1
悲観,JLPT_1
引き上げる,JLPT_1
率いる,JLPT_1
引き起こす,JLPT_1
引下げる,JLPT_1
引きずる,JLPT_1
引取る,JLPT_1
否決,JLPT_1
日頃,JLPT_1
久しい,JLPT_1
悲惨,JLPT_1
ビジネス,JLPT_1
比重,JLPT_1
美術,JLPT_1
秘書,JLPT_1
微笑,JLPT_1
歪む,JLPT_1
密か,JLPT_1
浸す,JLPT_1
ひたすら,JLPT_1
左利き,JLPT_1
引っ掻く,JLPT_1
必修,JLPT_1
びっしょり,JLPT_1
必然,JLPT_1
匹敵,JLPT_1
一息,JLPT_1
人影,JLPT_1
人柄,JLPT_1
人気,JLPT_1
一頃,JLPT_1
人質,JLPT_1
一筋,JLPT_1
人目,JLPT_1
日取り,JLPT_1
雛,JLPT_1
雛祭,JLPT_1
日向,JLPT_1
非難,JLPT_1
避難,JLPT_1
日の丸,JLPT_1
火花,JLPT_1
ひび (かべの～),JLPT_1
悲鳴,JLPT_1
冷やかす,JLPT_1
日焼け,JLPT_1
標語,JLPT_1
描写,JLPT_1
ひょっと,JLPT_1
びら,JLPT_1
平たい,JLPT_1
びり,JLPT_1
比率,JLPT_1
終了,JLPT_1
～条,JLPT_1
ダブル,JLPT_1
～画,JLPT_1
～系,JLPT_1
～圏,JLPT_1
差し引き,JLPT_1
～難い,JLPT_1
非～,JLPT_1
並行,JLPT_1
市,JLPT_1
柄,JLPT_1
衛星,JLPT_1
缶,JLPT_1
ケース,JLPT_1
ミス,JLPT_1
悪,JLPT_1
当り,JLPT_1
アップ,JLPT_1
宛てる,JLPT_1
アンケート,JLPT_1
異,JLPT_1
意,JLPT_1
医院,JLPT_1
怒り,JLPT_1
粋,JLPT_1
意地,JLPT_1
依然,JLPT_1
傷める,JLPT_1
炒める,JLPT_1
一帯,JLPT_1
異動,JLPT_1
衣料,JLPT_1
渦,JLPT_1
埋まる,JLPT_1
産む,JLPT_1
縁,JLPT_1
尾,JLPT_1
負う,JLPT_1
遅れ,JLPT_1
教え,JLPT_1
驚き,JLPT_1
織る,JLPT_1
欠く,JLPT_1
角,JLPT_1
核,JLPT_1
格,JLPT_1
学歴,JLPT_1
駆ける,JLPT_1
賭ける,JLPT_1
課題,JLPT_1
片付け,JLPT_1
加味,JLPT_1
借り,JLPT_1
狩り,JLPT_1
管,JLPT_1
～観,JLPT_1
癌,JLPT_1
刊行,JLPT_1
慣行,JLPT_1
歓声,JLPT_1
官僚,JLPT_1
器官,JLPT_1
季刊,JLPT_1
起源,JLPT_1
機構,JLPT_1
築く,JLPT_1
規制,JLPT_1
丘陵,JLPT_1
協議,JLPT_1
享受,JLPT_1
協調,JLPT_1
切り,JLPT_1
菌,JLPT_1
近視,JLPT_1
苦,JLPT_1
群,JLPT_1
刑,JLPT_1
経緯,JLPT_1
計器,JLPT_1
契機,JLPT_1
携帯,JLPT_1
形態,JLPT_1
血管,JLPT_1
決行,JLPT_1
件,JLPT_1
減少,JLPT_1
公演,JLPT_1
後悔,JLPT_1
航海,JLPT_1
拘束,JLPT_1
荒廃,JLPT_1
降伏,JLPT_1
興奮,JLPT_1
語句,JLPT_1
個々,JLPT_1
故人,JLPT_1
小銭,JLPT_1
ことによると,JLPT_1
コンテスト,JLPT_1
採集,JLPT_1
作,JLPT_1
策,JLPT_1
柵,JLPT_1
裂ける,JLPT_1
裁く,JLPT_1
酸化,JLPT_1
死,JLPT_1
資格,JLPT_1
視覚,JLPT_1
指揮,JLPT_1
磁気,JLPT_1
磁器,JLPT_1
自己,JLPT_1
字体,JLPT_1
辞退,JLPT_1
視点,JLPT_1
脂肪,JLPT_1
志望,JLPT_1
衆,JLPT_1
住,JLPT_1
修飾,JLPT_1
私用,JLPT_1
仕様,JLPT_1
情,JLPT_1
生涯,JLPT_1
上司,JLPT_1
正体,JLPT_1
照明,JLPT_1
女史,JLPT_1
助詞,JLPT_1
ショック,JLPT_1
進行,JLPT_1
新興,JLPT_1
振興,JLPT_1
申告,JLPT_1
真理,JLPT_1
水洗,JLPT_1
ストレス,JLPT_1
擦る,JLPT_1
正規,JLPT_1
精巧,JLPT_1
精算,JLPT_1
成年,JLPT_1
声明,JLPT_1
姓名,JLPT_1
生理,JLPT_1
節,JLPT_1
膳,JLPT_1
禅,JLPT_1
選挙,JLPT_1
先行,JLPT_1
選考,JLPT_1
相,JLPT_1
沿う,JLPT_1
添う,JLPT_1
僧,JLPT_1
像,JLPT_1
捜査,JLPT_1
操縦,JLPT_1
創造,JLPT_1
隊,JLPT_1
退学,JLPT_1
タイトル,JLPT_1
ダウン,JLPT_1
高まる,JLPT_1
断つ,JLPT_1
盾,JLPT_1
例え,JLPT_1
チャイム,JLPT_1
挑戦,JLPT_1
治療,JLPT_1
対,JLPT_1
接ぐ,JLPT_1
継ぐ,JLPT_1
摘む,JLPT_1
露,JLPT_1
強まる,JLPT_1
強める,JLPT_1
データ,JLPT_1
デザイン,JLPT_1
デザート,JLPT_1
転校,JLPT_1
伝言,JLPT_1
と,JLPT_1
問う,JLPT_1
棟,JLPT_1
倒産,JLPT_1
同士,JLPT_1
同志,JLPT_1
当然,JLPT_1
動揺,JLPT_1
説く,JLPT_1
綴じる,JLPT_1
供,JLPT_1
並,JLPT_1
慣らす,JLPT_1
馴らす,JLPT_1
難,JLPT_1
音,JLPT_1
年鑑,JLPT_1
脳,JLPT_1
臨む,JLPT_1
肺,JLPT_1
～敗,JLPT_1
映える,JLPT_1
諮る,JLPT_1
図る,JLPT_1
生やす,JLPT_1
班,JLPT_1
判,JLPT_1
版,JLPT_1
碑,JLPT_1
非行,JLPT_1
票,JLPT_1
広まる,JLPT_1
深める,JLPT_1
福,JLPT_1
振り,JLPT_1
経る,JLPT_1
保護,JLPT_1
保障,JLPT_1
補償,JLPT_1
ほっと,JLPT_1
前もって,JLPT_1
膜,JLPT_1
マスコミ,JLPT_1
股,JLPT_1
末,JLPT_1
マッサージ,JLPT_1
見掛ける,JLPT_1
捲る,JLPT_1
メッセージ,JLPT_1
野党,JLPT_1
優,JLPT_1
有機,JLPT_1
世,JLPT_1
良い,JLPT_1
予想,JLPT_1
弱まる,JLPT_1
弱める,JLPT_1
ラベル,JLPT_1
ルール,JLPT_1
枠,JLPT_1
就任,JLPT_2
周辺,JLPT_2
重役,JLPT_2
重量,JLPT_2
重力,JLPT_2
熟語,JLPT_2
祝日,JLPT_2
縮小,JLPT_2
受験,JLPT_2
主語,JLPT_2
主人,JLPT_2
出勤,JLPT_2
述語,JLPT_2
出張,JLPT_2
寿命,JLPT_2
主役,JLPT_2
受話器,JLPT_2
循環,JLPT_2
巡査,JLPT_2
順々,JLPT_2
順序,JLPT_2
純情,JLPT_2
純粋,JLPT_2
初～,JLPT_2
諸～,JLPT_2
～所,JLPT_2
～所,JLPT_2
女～,JLPT_2
～女,JLPT_2
省～,JLPT_2
～省,JLPT_2
～商,JLPT_2
～勝,JLPT_2
～場,JLPT_2
～畳,JLPT_2
消化,JLPT_2
小学生,JLPT_2
しょうがない,JLPT_2
将棋,JLPT_2
蒸気,JLPT_2
定規,JLPT_2
上級,JLPT_2
商業,JLPT_2
消極的,JLPT_2
賞金,JLPT_2
上下,JLPT_2
障子,JLPT_2
商社,JLPT_2
乗車,JLPT_2
上旬,JLPT_2
生ずる,JLPT_2
小数,JLPT_2
商店,JLPT_2
焦点,JLPT_2
消毒,JLPT_2
勝敗,JLPT_2
蒸発,JLPT_2
上品,JLPT_2
勝負,JLPT_2
小便,JLPT_2
消防署,JLPT_2
正味,JLPT_2
正面,JLPT_2
消耗,JLPT_2
初級,JLPT_2
助教授,JLPT_2
～色,JLPT_2
食塩,JLPT_2
職人,JLPT_2
職場,JLPT_2
初旬,JLPT_2
書籍,JLPT_2
食器,JLPT_2
ショップ,JLPT_2
書店,JLPT_2
書道,JLPT_2
初歩,JLPT_2
白髪,JLPT_2
シリーズ,JLPT_2
私立,JLPT_2
資料,JLPT_2
汁,JLPT_2
素人,JLPT_2
しわ (かおの～),JLPT_2
芯,JLPT_2
新幹線,JLPT_2
真空,JLPT_2
人事,JLPT_2
信ずる,JLPT_2
心身,JLPT_2
申請,JLPT_2
人造,JLPT_2
寝台,JLPT_2
診断,JLPT_2
侵入,JLPT_2
人文科学,JLPT_2
人命,JLPT_2
深夜,JLPT_2
森林,JLPT_2
親類,JLPT_2
針路,JLPT_2
神話,JLPT_2
水産,JLPT_2
炊事,JLPT_2
水蒸気,JLPT_2
水素,JLPT_2
垂直,JLPT_2
推定,JLPT_2
水滴,JLPT_2
水筒,JLPT_2
随筆,JLPT_2
水分,JLPT_2
水平,JLPT_2
水平線,JLPT_2
水面,JLPT_2
図々しい,JLPT_2
ずうっと,JLPT_2
末っ子,JLPT_2
スカーフ,JLPT_2
図鑑,JLPT_2
隙,JLPT_2
杉,JLPT_2
好き嫌い,JLPT_2
好き好き,JLPT_2
透き通る,JLPT_2
隙間,JLPT_2
～過ぎる,JLPT_2
スクール,JLPT_2
図形,JLPT_2
鈴,JLPT_2
涼む,JLPT_2
スタート,JLPT_2
スチュワーデス,JLPT_2
すっきり,JLPT_2
ステージ,JLPT_2
ストッキング,JLPT_2
ストップ,JLPT_2
素直,JLPT_2
頭脳,JLPT_2
スピーカー,JLPT_2
図表,JLPT_2
スマート,JLPT_2
住まい,JLPT_2
すまない,JLPT_2
～済,JLPT_2
相撲,JLPT_2
スライド,JLPT_2
ずらす,JLPT_2
ずらり,JLPT_2
スリッパ,JLPT_2
狡い,JLPT_2
寸法,JLPT_2
税関,JLPT_2
製作,JLPT_2
制作,JLPT_2
清書,JLPT_2
青少年,JLPT_2
整数,JLPT_2
清掃,JLPT_2
生存,JLPT_2
政党,JLPT_2
性能,JLPT_2
整備,JLPT_2
成分,JLPT_2
性別,JLPT_2
正方形,JLPT_2
正門,JLPT_2
成立,JLPT_2
西暦,JLPT_2
背負う,JLPT_2
～席,JLPT_2
赤道,JLPT_2
折角,JLPT_2
接近,JLPT_2
接する,JLPT_2
せっせと,JLPT_2
接続,JLPT_2
瀬戸物,JLPT_2
ぜひとも,JLPT_2
迫る,JLPT_2
ゼミ,JLPT_2
せめて,JLPT_2
セメント,JLPT_2
台詞,JLPT_2
栓,JLPT_2
～船,JLPT_2
～戦,JLPT_2
前～,JLPT_2
～前,JLPT_2
前後,JLPT_2
全集,JLPT_2
扇子,JLPT_2
専制,JLPT_2
先々月,JLPT_2
先々週,JLPT_2
先祖,JLPT_2
先端,JLPT_2
センチ,JLPT_2
先頭,JLPT_2
全般,JLPT_2
扇風機,JLPT_2
洗面,JLPT_2
全力,JLPT_2
線路,JLPT_2
～沿い,JLPT_2
総～,JLPT_2
～艘,JLPT_2
相違,JLPT_2
そういえば,JLPT_2
雑巾,JLPT_2
増減,JLPT_2
倉庫,JLPT_2
相互,JLPT_2
創作,JLPT_2
葬式,JLPT_2
造船,JLPT_2
騒々しい,JLPT_2
増大,JLPT_2
そうっと,JLPT_2
送別,JLPT_2
草履,JLPT_2
総理大臣,JLPT_2
送料,JLPT_2
～足,JLPT_2
属する,JLPT_2
続々,JLPT_2
速達,JLPT_2
測定,JLPT_2
測量,JLPT_2
速力,JLPT_2
素質,JLPT_2
祖先,JLPT_2
そそっかしい,JLPT_2
卒直,JLPT_2
そのころ,JLPT_2
そのため,JLPT_2
その他,JLPT_2
剃る,JLPT_2
それなのに,JLPT_2
それなら,JLPT_2
それはいけませんね (かん),JLPT_2
逸れる,JLPT_2
算盤,JLPT_2
存じる,JLPT_2
存ずる,JLPT_2
損得,JLPT_2
田ぼ,JLPT_2
第～,JLPT_2
だいいち (とりわけ),JLPT_2
大学院,JLPT_2
大工,JLPT_2
体系,JLPT_2
太鼓,JLPT_2
対策,JLPT_2
大して,JLPT_2
大小,JLPT_2
体制,JLPT_2
体積,JLPT_2
大層,JLPT_2
体操,JLPT_2
大分,JLPT_2
大木,JLPT_2
代名詞,JLPT_2
タイア,JLPT_2
ダイヤグラム,JLPT_2
ダイヤモンド,JLPT_2
ダイヤル,JLPT_2
対立,JLPT_2
田植え,JLPT_2
絶えず,JLPT_2
楕円,JLPT_2
耕す,JLPT_2
滝,JLPT_2
蓄える,JLPT_2
竹,JLPT_2
ただいま,JLPT_2
但し,JLPT_2
立ち止まる,JLPT_2
たちまち,JLPT_2
発,JLPT_2
脱線,JLPT_2
妥当,JLPT_2
例える,JLPT_2
頼もしい,JLPT_2
ダム,JLPT_2
溜息,JLPT_2
ためらう,JLPT_2
～だらけ,JLPT_2
だらしない,JLPT_2
足る,JLPT_2
短～,JLPT_2
～団,JLPT_2
オーケストラ,JLPT_2
おおざっぱ,JLPT_2
大通り,JLPT_2
オートメーション,JLPT_2
大凡,JLPT_2
お帰り,JLPT_2
おかけください,JLPT_2
おかげさまで,JLPT_2
おかず,JLPT_2
おかまいなく,JLPT_2
拝む,JLPT_2
お代わり,JLPT_2
補う,JLPT_2
お気の毒に,JLPT_2
屋外,JLPT_2
送り仮名,JLPT_2
お元気で,JLPT_2
怠る,JLPT_2
お先に,JLPT_2
伯父,JLPT_2
叔父,JLPT_2
惜しい,JLPT_2
伯父さん,JLPT_2
小父さん,JLPT_2
叔父さん,JLPT_2
お邪魔します,JLPT_2
お世話になりました,JLPT_2
お大事に,JLPT_2
落着く,JLPT_2
お出掛け,JLPT_2
お手伝いさん,JLPT_2
脅かす,JLPT_2
落し物,JLPT_2
驚かす,JLPT_2
お願いします,JLPT_2
各々,JLPT_2
伯母,JLPT_2
叔母,JLPT_2
小母さん,JLPT_2
おはよう,JLPT_2
お参り,JLPT_2
お待たせしました,JLPT_2
お待ちください,JLPT_2
おまちどおさま,JLPT_2
おめでたい,JLPT_2
思い掛けない,JLPT_2
思い切り,JLPT_2
思い込む,JLPT_2
思いっ切り,JLPT_2
重たい,JLPT_2
お休み,JLPT_2
おやつ,JLPT_2
親指,JLPT_2
オルガン,JLPT_2
恩恵,JLPT_2
温室,JLPT_2
温泉,JLPT_2
温帯,JLPT_2
御中,JLPT_2
女の人,JLPT_2
～日,JLPT_2
～下,JLPT_2
～化,JLPT_2
～科,JLPT_2
～歌,JLPT_2
カーブ,JLPT_2
外～,JLPT_2
～外,JLPT_2
開会,JLPT_2
会館,JLPT_2
改札,JLPT_2
解散,JLPT_2
海水浴,JLPT_2
回数,JLPT_2
回数券,JLPT_2
改正,JLPT_2
快晴,JLPT_2
解説,JLPT_2
改造,JLPT_2
開通,JLPT_2
回転,JLPT_2
解答,JLPT_2
回答,JLPT_2
外部,JLPT_2
解放,JLPT_2
開放,JLPT_2
海洋,JLPT_2
概論,JLPT_2
却って,JLPT_2
家屋,JLPT_2
係わる,JLPT_2
書留,JLPT_2
書取,JLPT_2
垣根,JLPT_2
限り,JLPT_2
各～,JLPT_2
架空,JLPT_2
各自,JLPT_2
拡充,JLPT_2
学術,JLPT_2
各地,JLPT_2
拡張,JLPT_2
角度,JLPT_2
学年,JLPT_2
格別,JLPT_2
確率,JLPT_2
学力,JLPT_2
掛け算,JLPT_2
可決,JLPT_2
火口,JLPT_2
下降,JLPT_2
火山,JLPT_2
かしこまりました,JLPT_2
貸し出し,JLPT_2
過失,JLPT_2
果実,JLPT_2
貸間,JLPT_2
貸家,JLPT_2
箇所,JLPT_2
過剰,JLPT_2
かじる,JLPT_2
課税,JLPT_2
下線,JLPT_2
カセット,JLPT_2
加速,JLPT_2
加速度,JLPT_2
塊,JLPT_2
固まる,JLPT_2
片道,JLPT_2
傾く,JLPT_2
片寄る,JLPT_2
～がち,JLPT_2
学科,JLPT_2
学会,JLPT_2
学級,JLPT_2
担ぐ,JLPT_2
括弧,JLPT_2
活字,JLPT_2
勝手に,JLPT_2
活力,JLPT_2
仮名,JLPT_2
仮名遣い,JLPT_2
加熱,JLPT_2
兼ねる,JLPT_2
カバー,JLPT_2
過半数,JLPT_2
かび (～がはえる),JLPT_2
被せる,JLPT_2
釜,JLPT_2
構いません,JLPT_2
紙屑,JLPT_2
神様,JLPT_2
剃刀,JLPT_2
ガム,JLPT_2
貨物,JLPT_2
カラー,JLPT_2
からかう,JLPT_2
空っぽ,JLPT_2
かるた,JLPT_2
枯れる,JLPT_2
カロリー,JLPT_2
可愛がる,JLPT_2
為替,JLPT_2
瓦,JLPT_2
～刊,JLPT_2
～間,JLPT_2
～巻,JLPT_2
～館,JLPT_2
～感,JLPT_2
換気,JLPT_2
感激,JLPT_2
関西,JLPT_2
元日,JLPT_2
鑑賞,JLPT_2
感ずる,JLPT_2
間接,JLPT_2
観測,JLPT_2
寒帯,JLPT_2
官庁,JLPT_2
勘違い,JLPT_2
缶詰,JLPT_2
乾電池,JLPT_2
関東,JLPT_2
観念,JLPT_2
乾杯,JLPT_2
看板,JLPT_2
看病,JLPT_2
冠,JLPT_2
漢和,JLPT_2
～期,JLPT_2
～器,JLPT_2
～機,JLPT_2
気圧,JLPT_2
着替え,JLPT_2
着替える,JLPT_2
機関車,JLPT_2
飢饉,JLPT_2
器具,JLPT_2
記号,JLPT_2
刻む,JLPT_2
儀式,JLPT_2
基準,JLPT_2
規準,JLPT_2
起床,JLPT_2
着せる,JLPT_2
基礎,JLPT_2
基地,JLPT_2
きっかけ,JLPT_2
ぎっしり,JLPT_2
基盤,JLPT_2
～気味,JLPT_2
客席,JLPT_2
客間,JLPT_2
ギャング,JLPT_2
キャンパス,JLPT_2
休業,JLPT_2
休講,JLPT_2
給与,JLPT_2
休養,JLPT_2
清い,JLPT_2
～教,JLPT_2
～行,JLPT_2
～業,JLPT_2
強化,JLPT_2
境界,JLPT_2
共産～,JLPT_2
行事,JLPT_2
恐縮,JLPT_2
教養,JLPT_2
行列,JLPT_2
漁業,JLPT_2
曲線,JLPT_2
規律,JLPT_2
斬る,JLPT_2
～きる,JLPT_2
～切れ,JLPT_2
気を付ける,JLPT_2
金魚,JLPT_2
区域,JLPT_2
空～,JLPT_2
偶数,JLPT_2
空想,JLPT_2
空中,JLPT_2
クーラー,JLPT_2
釘,JLPT_2
区切る,JLPT_2
櫛,JLPT_2
くしゃみ,JLPT_2
苦情,JLPT_2
苦心,JLPT_2
屑,JLPT_2
崩す,JLPT_2
薬指,JLPT_2
崩れる,JLPT_2
砕く,JLPT_2
砕ける,JLPT_2
くたびれる,JLPT_2
くだらない,JLPT_2
～口,JLPT_2
唇,JLPT_2
口紅,JLPT_2
くっつく,JLPT_2
くっつける,JLPT_2
くどい,JLPT_2
句読点,JLPT_2
配る,JLPT_2
工夫,JLPT_2
区分,JLPT_2
組合せ,JLPT_2
組み立てる,JLPT_2
悔やむ,JLPT_2
クリーニング,JLPT_2
くるむ,JLPT_2
くれぐれも,JLPT_2
～家,JLPT_2
～形,JLPT_2
稽古,JLPT_2
敬語,JLPT_2
蛍光灯,JLPT_2
形式,JLPT_2
継続,JLPT_2
毛糸,JLPT_2
経度,JLPT_2
系統,JLPT_2
芸能,JLPT_2
競馬,JLPT_2
警備,JLPT_2
形容詞,JLPT_2
形容動詞,JLPT_2
外科,JLPT_2
毛皮,JLPT_2
激増,JLPT_2
下車,JLPT_2
下旬,JLPT_2
下水,JLPT_2
削る,JLPT_2
桁,JLPT_2
下駄,JLPT_2
血圧,JLPT_2
月給,JLPT_2
傑作,JLPT_2
月末,JLPT_2
気配,JLPT_2
下品,JLPT_2
煙い,JLPT_2
険しい,JLPT_2
現～,JLPT_2
見学,JLPT_2
謙虚,JLPT_2
原稿,JLPT_2
原産,JLPT_2
原始,JLPT_2
研修,JLPT_2
厳重,JLPT_2
謙遜,JLPT_2
県庁,JLPT_2
限度,JLPT_2
現に,JLPT_2
顕微鏡,JLPT_2
懸命,JLPT_2
原理,JLPT_2
原料,JLPT_2
小～,JLPT_2
恋しい,JLPT_2
高～,JLPT_2
～校,JLPT_2
～港,JLPT_2
～号,JLPT_2
工員,JLPT_2
強引,JLPT_2
公害,JLPT_2
高級,JLPT_2
公共,JLPT_2
工芸,JLPT_2
孝行,JLPT_2
交差,JLPT_2
講師,JLPT_2
工事,JLPT_2
公式,JLPT_2
口実,JLPT_2
こうして,JLPT_2
公衆,JLPT_2
香水,JLPT_2
功績,JLPT_2
光線,JLPT_2
高層,JLPT_2
構造,JLPT_2
交替,JLPT_2
耕地,JLPT_2
交通機関,JLPT_2
校庭,JLPT_2
肯定,JLPT_2
高度,JLPT_2
高等,JLPT_2
合同,JLPT_2
高等学校,JLPT_2
公表,JLPT_2
鉱物,JLPT_2
公務,JLPT_2
項目,JLPT_2
紅葉,JLPT_2
合理,JLPT_2
交流,JLPT_2
合流,JLPT_2
効力,JLPT_2
コース,JLPT_2
コーラス,JLPT_2
焦がす,JLPT_2
～国,JLPT_2
国王,JLPT_2
国立,JLPT_2
ご苦労様,JLPT_2
焦げる,JLPT_2
凍える,JLPT_2
心当たり,JLPT_2
心得る,JLPT_2
腰掛け,JLPT_2
腰掛ける,JLPT_2
五十音,JLPT_2
こしらえる,JLPT_2
擦る,JLPT_2
個体,JLPT_2
ごちそうさま,JLPT_2
こちらこそ,JLPT_2
小遣い,JLPT_2
コック,JLPT_2
こっそり,JLPT_2
古典,JLPT_2
～毎,JLPT_2
〜 (まる) ごと,JLPT_2
言付ける,JLPT_2
言葉遣い,JLPT_2
こないだ,JLPT_2
御無沙汰,JLPT_2
ゴム,JLPT_2
御免,JLPT_2
ごめんください,JLPT_2
小指,JLPT_2
堪える,JLPT_2
娯楽,JLPT_2
御覧,JLPT_2
コレクション,JLPT_2
転がす,JLPT_2
転がる,JLPT_2
紺,JLPT_2
今～,JLPT_2
コンクール,JLPT_2
コンクリート,JLPT_2
混合,JLPT_2
コンセント,JLPT_2
献立,JLPT_2
こんばんは,JLPT_2
サークル,JLPT_2
再～,JLPT_2
最～,JLPT_2
在学,JLPT_2
再三,JLPT_2
祭日,JLPT_2
催促,JLPT_2
採点,JLPT_2
災難,JLPT_2
裁縫,JLPT_2
材木,JLPT_2
サイレン,JLPT_2
逆さ,JLPT_2
逆様,JLPT_2
捜す,JLPT_2
遡る,JLPT_2
酒場,JLPT_2
一昨昨日,JLPT_2
先程,JLPT_2
索引,JLPT_2
作者,JLPT_2
削除,JLPT_2
作成,JLPT_2
作製,JLPT_2
探る,JLPT_2
囁く,JLPT_2
匙,JLPT_2
座敷,JLPT_2
差し支え,JLPT_2
刺身,JLPT_2
(かさを～) さす,JLPT_2
流石,JLPT_2
撮影,JLPT_2
雑音,JLPT_2
さっさと,JLPT_2
早速,JLPT_2
錆,JLPT_2
錆びる,JLPT_2
座布団,JLPT_2
妨げる,JLPT_2
さようなら,JLPT_2
サラリーマン,JLPT_2
騒がしい,JLPT_2
さわやか,JLPT_2
～山,JLPT_2
～産,JLPT_2
三角,JLPT_2
算数,JLPT_2
産地,JLPT_2
サンプル,JLPT_2
山林,JLPT_2
～史,JLPT_2
～紙,JLPT_2
～寺,JLPT_2
仕上がる,JLPT_2
明明後日,JLPT_2
シーズン,JLPT_2
シーツ,JLPT_2
寺院,JLPT_2
しいんと (する),JLPT_2
自衛,JLPT_2
塩辛い,JLPT_2
司会,JLPT_2
四角い,JLPT_2
仕方がない,JLPT_2
～時間目,JLPT_2
時間割,JLPT_2
〜(日本) 式,JLPT_2
敷地,JLPT_2
敷く,JLPT_2
茂る,JLPT_2
持参,JLPT_2
磁石,JLPT_2
四捨五入,JLPT_2
始終,JLPT_2
自習,JLPT_2
静まる,JLPT_2
姿勢,JLPT_2
自然科学,JLPT_2
時速,JLPT_2
子孫,JLPT_2
死体,JLPT_2
下書き,JLPT_2
自宅,JLPT_2
下町,JLPT_2
自治,JLPT_2
室～,JLPT_2
～室,JLPT_2
～日,JLPT_2
実感,JLPT_2
湿気,JLPT_2
しつこい,JLPT_2
実習,JLPT_2
実績,JLPT_2
執筆,JLPT_2
実物,JLPT_2
しっぽ,JLPT_2
実用,JLPT_2
しつれいしました (かん),JLPT_2
実例,JLPT_2
失恋,JLPT_2
指定,JLPT_2
私鉄,JLPT_2
縛る,JLPT_2
地盤,JLPT_2
しびれる,JLPT_2
紙幣,JLPT_2
しぼむ,JLPT_2
絞る,JLPT_2
縞,JLPT_2
～おしまい (おわり),JLPT_2
しみじみ,JLPT_2
氏名,JLPT_2
締切,JLPT_2
締め切る,JLPT_2
しめた (かん),JLPT_2
地面,JLPT_2
～車,JLPT_2
～者,JLPT_2
～社,JLPT_2
ジャーナリスト,JLPT_2
社会科学,JLPT_2
しゃがむ,JLPT_2
蛇口,JLPT_2
弱点,JLPT_2
車庫,JLPT_2
車掌,JLPT_2
写生,JLPT_2
社説,JLPT_2
しゃっくり,JLPT_2
シャッター,JLPT_2
しゃぶる,JLPT_2
車輪,JLPT_2
洒落,JLPT_2
じゃんけん,JLPT_2
～手,JLPT_2
～酒,JLPT_2
～集,JLPT_2
重～,JLPT_2
集会,JLPT_2
集金,JLPT_2
集合,JLPT_2
習字,JLPT_2
修繕,JLPT_2
じゅうたん (カーペット),JLPT_2
終点,JLPT_2
重点,JLPT_2
リズム,JLPT_2
リットル,JLPT_2
リボン,JLPT_2
略す,JLPT_2
～流,JLPT_2
流域,JLPT_2
両～,JLPT_2
～料,JLPT_2
～領,JLPT_2
両側,JLPT_2
漁師,JLPT_2
領事,JLPT_2
領収,JLPT_2
～力,JLPT_2
臨時,JLPT_2
留守番,JLPT_2
零点,JLPT_2
冷凍,JLPT_2
レインコート,JLPT_2
レクリェーション,JLPT_2
レジャー,JLPT_2
列島,JLPT_2
リポート,JLPT_2
煉瓦,JLPT_2
連合,JLPT_2
レンズ,JLPT_2
ろうそく,JLPT_2
ローマ字,JLPT_2
録音,JLPT_2
ロッカー,JLPT_2
ロビー,JLPT_2
～論,JLPT_2
論ずる,JLPT_2
和～,JLPT_2
～羽,JLPT_2
和英,JLPT_2
我～,JLPT_2
若々しい,JLPT_2
詫びる,JLPT_2
和服,JLPT_2
割合に,JLPT_2
割算,JLPT_2
割と,JLPT_2
割引,JLPT_2
ワンピース,JLPT_2
アイデア; アイディア,JLPT_2
あいまい,JLPT_2
扇ぐ,JLPT_2
青白い,JLPT_2
呆れる,JLPT_2
アクセント,JLPT_2
あくび,JLPT_2
飽くまで,JLPT_2
明くる～,JLPT_2
明け方,JLPT_2
憧れる,JLPT_2
朝寝坊,JLPT_2
足跡,JLPT_2
足元,JLPT_2
味わう,JLPT_2
あちらこちら,JLPT_2
厚かましい,JLPT_2
圧縮,JLPT_2
宛名,JLPT_2
当てはまる,JLPT_2
当てはめる,JLPT_2
暴れる,JLPT_2
あぶる,JLPT_2
あふれる,JLPT_2
雨戸,JLPT_2
甘やかす,JLPT_2
余る,JLPT_2
編み物,JLPT_2
編む,JLPT_2
危うい,JLPT_2
怪しい,JLPT_2
荒い,JLPT_2
粗い,JLPT_2
粗筋,JLPT_2
改めて,JLPT_2
改める,JLPT_2
有難い,JLPT_2
あれこれ,JLPT_2
荒れる,JLPT_2
慌ただしい,JLPT_2
安易,JLPT_2
アンテナ,JLPT_2
～位,JLPT_2
言い出す,JLPT_2
言い付ける,JLPT_2
意義,JLPT_2
生き生き,JLPT_2
いきなり,JLPT_2
幾～,JLPT_2
育児,JLPT_2
幾分,JLPT_2
生け花,JLPT_2
以後,JLPT_2
以降,JLPT_2
イコール,JLPT_2
勇ましい,JLPT_2
衣食住,JLPT_2
～いち (にほんいち),JLPT_2
いちいち,JLPT_2
一応,JLPT_2
一段と,JLPT_2
一流,JLPT_2
一昨日,JLPT_2
一昨年,JLPT_2
一斉,JLPT_2
一旦,JLPT_2
一定,JLPT_2
行っていらっしゃい,JLPT_2
行ってらっしゃい,JLPT_2
いってまいります,JLPT_2
いってきます,JLPT_2
移転,JLPT_2
井戸,JLPT_2
緯度,JLPT_2
威張る,JLPT_2
嫌がる,JLPT_2
いよいよ,JLPT_2
煎る,JLPT_2
炒る,JLPT_2
入れ物,JLPT_2
インキ,JLPT_2
引力,JLPT_2
ウーマン,JLPT_2
ウール,JLPT_2
ウエートレス,JLPT_2
植木,JLPT_2
飢える,JLPT_2
浮ぶ,JLPT_2
浮かべる,JLPT_2
浮く,JLPT_2
承る,JLPT_2
受取,JLPT_2
受け持つ,JLPT_2
薄暗い,JLPT_2
薄める,JLPT_2
打合せ,JLPT_2
打ち消す,JLPT_2
うどん,JLPT_2
うなずく,JLPT_2
敬う,JLPT_2
裏返す,JLPT_2
裏口,JLPT_2
占う,JLPT_2
恨み,JLPT_2
恨む,JLPT_2
羨む,JLPT_2
売上,JLPT_2
売り切れ,JLPT_2
売り切れる,JLPT_2
売行き,JLPT_2
うろうろ,JLPT_2
上～,JLPT_2
運河,JLPT_2
うんと,JLPT_2
英文,JLPT_2
英和,JLPT_2
ええと,JLPT_2
液体,JLPT_2
エチケット,JLPT_2
絵の具,JLPT_2
エプロン,JLPT_2
偉い,JLPT_2
～園,JLPT_2
宴会,JLPT_2
園芸,JLPT_2
演劇,JLPT_2
円周,JLPT_2
遠足,JLPT_2
延長,JLPT_2
煙突,JLPT_2
御～,JLPT_2
追いかける,JLPT_2
追い越す,JLPT_2
オイル,JLPT_2
王女,JLPT_2
応ずる,JLPT_2
応接,JLPT_2
応対,JLPT_2
往復,JLPT_2
欧米,JLPT_2
応用,JLPT_2
電波,JLPT_2
テンポ,JLPT_2
電流,JLPT_2
電力,JLPT_2
問い合わせ,JLPT_2
～頭,JLPT_2
～等,JLPT_2
～島,JLPT_2
銅,JLPT_2
同～,JLPT_2
～道,JLPT_2
どういたしまして (かん),JLPT_2
統一,JLPT_2
同格,JLPT_2
峠,JLPT_2
統計,JLPT_2
動作,JLPT_2
東西,JLPT_2
当日,JLPT_2
投書,JLPT_2
登場,JLPT_2
どうせ,JLPT_2
灯台,JLPT_2
盗難,JLPT_2
当番,JLPT_2
等分,JLPT_2
透明,JLPT_2
灯油,JLPT_2
童話,JLPT_2
～通り,JLPT_2
通り掛かる,JLPT_2
溶かす,JLPT_2
尖る,JLPT_2
どきどき,JLPT_2
特殊,JLPT_2
特色,JLPT_2
特定,JLPT_2
特売,JLPT_2
溶け込む,JLPT_2
退ける,JLPT_2
床の間,JLPT_2
～ところ,JLPT_2
所々,JLPT_2
都心,JLPT_2
戸棚,JLPT_2
とっくに,JLPT_2
どっと,JLPT_2
整う,JLPT_2
留まる,JLPT_2
怒鳴る,JLPT_2
殿,JLPT_2
飛び込む,JLPT_2
留まる,JLPT_2
ともかく,JLPT_2
捕える,JLPT_2
取り入れる,JLPT_2
取り消す,JLPT_2
取り出す,JLPT_2
採る,JLPT_2
捕る,JLPT_2
丼,JLPT_2
～内,JLPT_2
内科,JLPT_2
内線,JLPT_2
ナイロン,JLPT_2
長～,JLPT_2
仲直り,JLPT_2
長引く,JLPT_2
中指,JLPT_2
仲良し,JLPT_2
慰める,JLPT_2
為す,JLPT_2
謎謎,JLPT_2
傾らか,JLPT_2
懐かしい,JLPT_2
撫でる,JLPT_2
斜め,JLPT_2
なにしろ,JLPT_2
何々,JLPT_2
何分,JLPT_2
生意気,JLPT_2
並木,JLPT_2
倣う,JLPT_2
南極,JLPT_2
なんとなく,JLPT_2
なんとも,JLPT_2
ナンバー,JLPT_2
南米,JLPT_2
南北,JLPT_2
匂う,JLPT_2
逃がす,JLPT_2
憎い,JLPT_2
憎む,JLPT_2
憎らしい,JLPT_2
にこにこ,JLPT_2
濁る,JLPT_2
虹,JLPT_2
日時,JLPT_2
日用品,JLPT_2
日課,JLPT_2
日程,JLPT_2
鈍い,JLPT_2
入社,JLPT_2
女房,JLPT_2
睨む,JLPT_2
俄,JLPT_2
縫う,JLPT_2
ねじ,JLPT_2
捩る,JLPT_2
ネックレス,JLPT_2
熱する,JLPT_2
寝間着,JLPT_2
寝巻,JLPT_2
狙い,JLPT_2
狙う,JLPT_2
～年生,JLPT_2
年度,JLPT_2
農産物,JLPT_2
農村,JLPT_2
濃度,JLPT_2
農薬,JLPT_2
能率,JLPT_2
のこぎり,JLPT_2
残らず,JLPT_2
上り,JLPT_2
糊,JLPT_2
乗換,JLPT_2
乗り越し,JLPT_2
鈍い,JLPT_2
のろのろ,JLPT_2
呑気,JLPT_2
はい (かん),JLPT_2
灰色,JLPT_2
俳句,JLPT_2
売店,JLPT_2
バイバイ,JLPT_2
売買,JLPT_2
這う,JLPT_2
剥す,JLPT_2
ばからしい,JLPT_2
秤,JLPT_2
吐き気,JLPT_2
はきはき,JLPT_2
～泊,JLPT_2
歯車,JLPT_2
バケツ,JLPT_2
挟まる,JLPT_2
挟む,JLPT_2
梯子,JLPT_2
始めに,JLPT_2
初めに,JLPT_2
はじめまして,JLPT_2
斜,JLPT_2
パターン,JLPT_2
肌着,JLPT_2
果して,JLPT_2
鉢,JLPT_2
～発,JLPT_2
×,JLPT_2
発揮,JLPT_2
バック,JLPT_2
発想,JLPT_2
発電,JLPT_2
発売,JLPT_2
話合い,JLPT_2
話し掛ける,JLPT_2
話中,JLPT_2
甚だしい,JLPT_2
花火,JLPT_2
花嫁,JLPT_2
ばね,JLPT_2
跳ねる,JLPT_2
破片,JLPT_2
歯磨き,JLPT_2
はめる,JLPT_2
早口,JLPT_2
払い込む,JLPT_2
払い戻す,JLPT_2
針金,JLPT_2
張り切る,JLPT_2
反～,JLPT_2
反映,JLPT_2
半径,JLPT_2
判子,JLPT_2
万歳,JLPT_2
判事,JLPT_2
番地,JLPT_2
パンツ,JLPT_2
バンド,JLPT_2
半島,JLPT_2
ハンドル,JLPT_2
～番目,JLPT_2
～費,JLPT_2
日当たり,JLPT_2
日帰り,JLPT_2
比較的,JLPT_2
日陰,JLPT_2
ぴかぴか,JLPT_2
引受る,JLPT_2
引き返す,JLPT_2
引算,JLPT_2
引き出す,JLPT_2
引き止める,JLPT_2
卑怯,JLPT_2
引分け,JLPT_2
陽射,JLPT_2
肘,JLPT_2
ピストル,JLPT_2
ビタミン,JLPT_2
ぴたり,JLPT_2
引っ掛かる,JLPT_2
筆記,JLPT_2
引っ繰り返す,JLPT_2
引っ繰り返る,JLPT_2
引っ込む,JLPT_2
筆者,JLPT_2
必需品,JLPT_2
一～,JLPT_2
人差指,JLPT_2
一通り,JLPT_2
人通り,JLPT_2
ひとまず,JLPT_2
瞳,JLPT_2
一休み,JLPT_2
独り言,JLPT_2
ひとりでに,JLPT_2
ビニール,JLPT_2
皮肉,JLPT_2
日日,JLPT_2
捻る,JLPT_2
日の入り,JLPT_2
日の出,JLPT_2
響き,JLPT_2
響く,JLPT_2
皮膚,JLPT_2
ひゃっかじてん,JLPT_2
美容,JLPT_2
～病,JLPT_2
表紙,JLPT_2
標識,JLPT_2
標準,JLPT_2
標本,JLPT_2
評論,JLPT_2
ビルディング,JLPT_2
昼寝,JLPT_2
広さ,JLPT_2
広場,JLPT_2
広々,JLPT_2
ピンク,JLPT_2
便箋,JLPT_2
瓶詰,JLPT_2
～部,JLPT_2
ファスナー,JLPT_2
～風,JLPT_2
風船,JLPT_2
不運,JLPT_2
不規則,JLPT_2
普及,JLPT_2
付近,JLPT_2
副～,JLPT_2
副詞,JLPT_2
複写,JLPT_2
複数,JLPT_2
膨らます,JLPT_2
膨らむ,JLPT_2
不潔,JLPT_2
更ける,JLPT_2
符号,JLPT_2
夫妻,JLPT_2
塞がる,JLPT_2
塞ぐ,JLPT_2
ふざける,JLPT_2
無沙汰,JLPT_2
武士,JLPT_2
部首,JLPT_2
襖,JLPT_2
附属,JLPT_2
蓋,JLPT_2
物騒,JLPT_2
ぶつぶつ,JLPT_2
船便,JLPT_2
部品,JLPT_2
吹雪,JLPT_2
父母,JLPT_2
踏切,JLPT_2
麓,JLPT_2
フライパン,JLPT_2
ブラウス,JLPT_2
ぶらさげる,JLPT_2
ブラシ,JLPT_2
プラットホーム,JLPT_2
～振り,JLPT_2
フリー,JLPT_2
振り仮名,JLPT_2
振り向く,JLPT_2
プリント,JLPT_2
古～,JLPT_2
故郷,JLPT_2
古里,JLPT_2
振舞う,JLPT_2
ブローチ,JLPT_2
プログラム,JLPT_2
風呂敷,JLPT_2
ふわふわ,JLPT_2
噴火,JLPT_2
分解,JLPT_2
文芸,JLPT_2
文献,JLPT_2
噴水,JLPT_2
分数,JLPT_2
文体,JLPT_2
分布,JLPT_2
文房具,JLPT_2
文脈,JLPT_2
分量,JLPT_2
分類,JLPT_2
閉会,JLPT_2
平気,JLPT_2
平日,JLPT_2
兵隊,JLPT_2
平凡,JLPT_2
平野,JLPT_2
凹む,JLPT_2
へそ,JLPT_2
隔てる,JLPT_2
別荘,JLPT_2
別々,JLPT_2
ベテラン,JLPT_2
ヘリコプター,JLPT_2
～遍,JLPT_2
～弁,JLPT_2
編集,JLPT_2
便所,JLPT_2
ペンチ,JLPT_2
～歩,JLPT_2
～ぽい,JLPT_2
～ほう (ひかく),JLPT_2
防～,JLPT_2
望遠鏡,JLPT_2
方角,JLPT_2
箒,JLPT_2
方言,JLPT_2
坊さん,JLPT_2
防止,JLPT_2
方針,JLPT_2
法則,JLPT_2
包帯,JLPT_2
膨大,JLPT_2
包丁,JLPT_2
方程式,JLPT_2
防犯,JLPT_2
方面,JLPT_2
坊や,JLPT_2
放る,JLPT_2
ボーナス,JLPT_2
朗らか,JLPT_2
牧場,JLPT_2
牧畜,JLPT_2
保健,JLPT_2
募集,JLPT_2
干す,JLPT_2
ポスター,JLPT_2
北極,JLPT_2
坊っちゃん,JLPT_2
解く,JLPT_2
掘る,JLPT_2
彫る,JLPT_2
ぼろ,JLPT_2
盆,JLPT_2
盆地,JLPT_2
ほんの～,JLPT_2
本部,JLPT_2
本来,JLPT_2
まあまあ,JLPT_2
毎～,JLPT_2
枚数,JLPT_2
毎度,JLPT_2
枕,JLPT_2
曲げる,JLPT_2
まごまご,JLPT_2
摩擦,JLPT_2
マスク,JLPT_2
またぐ,JLPT_2
待合室,JLPT_2
待ち合わせる,JLPT_2
街角,JLPT_2
真っ暗,JLPT_2
真っ黒,JLPT_2
真っ青,JLPT_2
真っ先,JLPT_2
真っ白,JLPT_2
祭る,JLPT_2
窓口,JLPT_2
真似る,JLPT_2
まぶた,JLPT_2
マフラー,JLPT_2
間も無く,JLPT_2
マラソン,JLPT_2
稀,JLPT_2
回り道,JLPT_2
満員,JLPT_2
マンション,JLPT_2
満点,JLPT_2
未～,JLPT_2
見上げる,JLPT_2
見送る,JLPT_2
見下ろす,JLPT_2
見掛け,JLPT_2
三日月,JLPT_2
岬,JLPT_2
みじめ,JLPT_2
ミシン,JLPT_2
自ら,JLPT_2
水着,JLPT_2
店屋,JLPT_2
～みたい,JLPT_2
見出し,JLPT_2
道順,JLPT_2
みっともない,JLPT_2
見詰める,JLPT_2
見直す,JLPT_2
見慣れる,JLPT_2
醜い,JLPT_2
実る,JLPT_2
身分,JLPT_2
見本,JLPT_2
見舞う,JLPT_2
未満,JLPT_2
名字,JLPT_2
ミリ (メートル),JLPT_2
民間,JLPT_2
民主～,JLPT_2
民謡,JLPT_2
～向け,JLPT_2
無限,JLPT_2
無地,JLPT_2
矛盾,JLPT_2
無数,JLPT_2
紫,JLPT_2
群れ,JLPT_2
姪,JLPT_2
名～,JLPT_2
～名,JLPT_2
名作,JLPT_2
名所,JLPT_2
命ずる,JLPT_2
迷信,JLPT_2
名物,JLPT_2
銘々,JLPT_2
恵まれる,JLPT_2
巡る,JLPT_2
目指す,JLPT_2
目覚し,JLPT_2
目下,JLPT_2
目印,JLPT_2
目立つ,JLPT_2
めちゃくちゃ,JLPT_2
めっきり,JLPT_2
めでたい,JLPT_2
メニュー,JLPT_2
めまい,JLPT_2
目安,JLPT_2
免税,JLPT_2
面積,JLPT_2
面倒臭い,JLPT_2
儲かる,JLPT_2
儲ける,JLPT_2
申し訳ない,JLPT_2
モーター,JLPT_2
木材,JLPT_2
目次,JLPT_2
潜る,JLPT_2
もしかしたら,JLPT_2
もたれる,JLPT_2
モダン,JLPT_2
餅,JLPT_2
～もち,JLPT_2
モデル,JLPT_2
元々,JLPT_2
物置,JLPT_2
物語る,JLPT_2
物差し,JLPT_2
物凄い,JLPT_2
モノレール,JLPT_2
紅葉,JLPT_2
揉む,JLPT_2
催し,JLPT_2
盛る,JLPT_2
～問,JLPT_2
問答,JLPT_2
～夜,JLPT_2
やかましい,JLPT_2
夜間,JLPT_2
やかん,JLPT_2
役者,JLPT_2
役所,JLPT_2
役人,JLPT_2
薬品,JLPT_2
役目,JLPT_2
火傷,JLPT_2
夜行,JLPT_2
矢印,JLPT_2
やたらに,JLPT_2
薬局,JLPT_2
やっつける,JLPT_2
家主,JLPT_2
やっぱり,JLPT_2
破く,JLPT_2
やむをえない,JLPT_2
軟らかい,JLPT_2
遊園地,JLPT_2
夕刊,JLPT_2
郵送,JLPT_2
夕立,JLPT_2
夕日,JLPT_2
悠々,JLPT_2
有料,JLPT_2
浴衣,JLPT_2
行方,JLPT_2
湯気,JLPT_2
輸血,JLPT_2
輸送,JLPT_2
油断,JLPT_2
湯飲み,JLPT_2
緩い,JLPT_2
溶岩,JLPT_2
用語,JLPT_2
要旨,JLPT_2
幼児,JLPT_2
容積,JLPT_2
幼稚,JLPT_2
幼稚園,JLPT_2
用途,JLPT_2
洋品店,JLPT_2
養分,JLPT_2
羊毛,JLPT_2
漸く,JLPT_2
要領,JLPT_2
翌～,JLPT_2
欲張り,JLPT_2
余計,JLPT_2
よこす,JLPT_2
余所,JLPT_2
四つ角,JLPT_2
酔っ払い,JLPT_2
予備,JLPT_2
呼び掛ける,JLPT_2
呼び出す,JLPT_2
蘇る,JLPT_2
慶ぶ,JLPT_2
～等,JLPT_2
来日,JLPT_2
落第,JLPT_2
ラッシュアワー,JLPT_2
欄,JLPT_2
ランチ,JLPT_2
ランニング,JLPT_2
乱暴,JLPT_2
理科,JLPT_2
利害,JLPT_2
段階,JLPT_2
短期,JLPT_2
炭鉱,JLPT_2
短所,JLPT_2
たんす,JLPT_2
淡水,JLPT_2
断水,JLPT_2
単数,JLPT_2
団地,JLPT_2
断定,JLPT_2
短編,JLPT_2
誓う,JLPT_2
地下水,JLPT_2
近々,JLPT_2
近付ける,JLPT_2
近寄る,JLPT_2
力強い,JLPT_2
ちぎる,JLPT_2
地質,JLPT_2
知人,JLPT_2
地帯,JLPT_2
縮む,JLPT_2
縮める,JLPT_2
縮れる,JLPT_2
チップ,JLPT_2
地点,JLPT_2
地名,JLPT_2
茶色い,JLPT_2
～着,JLPT_2
着々,JLPT_2
中間,JLPT_2
中旬,JLPT_2
抽象,JLPT_2
中世,JLPT_2
中性,JLPT_2
中途,JLPT_2
中年,JLPT_2
長～,JLPT_2
～庁,JLPT_2
～兆,JLPT_2
～長,JLPT_2
～帳,JLPT_2
超過,JLPT_2
彫刻,JLPT_2
長所,JLPT_2
長女,JLPT_2
調整,JLPT_2
調節,JLPT_2
長短,JLPT_2
頂点,JLPT_2
長男,JLPT_2
長方形,JLPT_2
調味料,JLPT_2
～丁目,JLPT_2
チョーク,JLPT_2
直後,JLPT_2
直線,JLPT_2
直前,JLPT_2
直通,JLPT_2
直流,JLPT_2
貯蔵,JLPT_2
直角,JLPT_2
直径,JLPT_2
散らかす,JLPT_2
散らかる,JLPT_2
塵紙,JLPT_2
追加,JLPT_2
ついで,JLPT_2
～通,JLPT_2
通ずる,JLPT_2
通知,JLPT_2
通帳,JLPT_2
通用,JLPT_2
通路,JLPT_2
～遣い,JLPT_2
～付,JLPT_2
突き当たり,JLPT_2
突き当たる,JLPT_2
月日,JLPT_2
～続く,JLPT_2
突っ込む,JLPT_2
務める,JLPT_2
努める,JLPT_2
綱,JLPT_2
繋がり,JLPT_2
粒,JLPT_2
潰す,JLPT_2
潰れる,JLPT_2
つまずく,JLPT_2
詰まる,JLPT_2
爪,JLPT_2
艶,JLPT_2
強気,JLPT_2
～辛い,JLPT_2
釣り合う,JLPT_2
吊る,JLPT_2
吊す,JLPT_2
手洗い,JLPT_2
低～,JLPT_2
定員,JLPT_2
定価,JLPT_2
低下,JLPT_2
定期券,JLPT_2
定休日,JLPT_2
停止,JLPT_2
停車,JLPT_2
出入り,JLPT_2
出入口,JLPT_2
手入れ,JLPT_2
テーマ,JLPT_2
～滴,JLPT_2
出来上がり,JLPT_2
出来上がる,JLPT_2
的確,JLPT_2
適確,JLPT_2
手首,JLPT_2
凸凹,JLPT_2
手頃,JLPT_2
弟子,JLPT_2
でたらめ,JLPT_2
手帳,JLPT_2
鉄橋,JLPT_2
手続き,JLPT_2
鉄砲,JLPT_2
テニスコート,JLPT_2
手拭い,JLPT_2
手前,JLPT_2
出迎え,JLPT_2
照らす,JLPT_2
照る,JLPT_2
～点,JLPT_2
展開,JLPT_2
伝記,JLPT_2
電球,JLPT_2
点数,JLPT_2
伝染,JLPT_2
電池,JLPT_2
点々,JLPT_2
転々,JLPT_2
電柱,JLPT_2
天皇,JLPT_2
作法,JLPT_2
様々,JLPT_2
冷ます,JLPT_2
覚ます,JLPT_2
冷める,JLPT_2
覚める,JLPT_2
左右,JLPT_2
皿,JLPT_2
更に,JLPT_2
去る,JLPT_2
猿,JLPT_2
騒ぎ,JLPT_2
参加,JLPT_2
参考,JLPT_2
賛成,JLPT_2
酸性,JLPT_2
酸素,JLPT_2
氏,JLPT_2
詩,JLPT_2
幸せ,JLPT_2
ジーンズ,JLPT_2
ジェット機,JLPT_2
四角,JLPT_2
直に,JLPT_2
しかも,JLPT_2
四季,JLPT_2
直,JLPT_2
時期,JLPT_2
支給,JLPT_2
至急,JLPT_2
しきりに,JLPT_2
刺激,JLPT_2
資源,JLPT_2
事件,JLPT_2
時刻,JLPT_2
自殺,JLPT_2
事実,JLPT_2
支出,JLPT_2
事情,JLPT_2
詩人,JLPT_2
自身,JLPT_2
沈む,JLPT_2
自然,JLPT_2
思想,JLPT_2
舌,JLPT_2
次第,JLPT_2
従う,JLPT_2
したがって,JLPT_2
親しい,JLPT_2
質,JLPT_2
失業,JLPT_2
湿気,JLPT_2
実験,JLPT_2
実現,JLPT_2
実行,JLPT_2
実際,JLPT_2
実施,JLPT_2
湿度,JLPT_2
じっと,JLPT_2
実に,JLPT_2
実は,JLPT_2
失望,JLPT_2
実力,JLPT_2
支店,JLPT_2
指導,JLPT_2
自動,JLPT_2
児童,JLPT_2
品,JLPT_2
支配,JLPT_2
芝居,JLPT_2
しばしば,JLPT_2
芝生,JLPT_2
支払,JLPT_2
支払う,JLPT_2
死亡,JLPT_2
資本,JLPT_2
姉妹,JLPT_2
しまった (かん),JLPT_2
自慢,JLPT_2
地味,JLPT_2
示す,JLPT_2
占める,JLPT_2
湿る,JLPT_2
下,JLPT_2
霜,JLPT_2
借金,JLPT_2
しゃべる,JLPT_2
週,JLPT_2
州,JLPT_2
銃,JLPT_2
周囲,JLPT_2
収穫,JLPT_2
宗教,JLPT_2
重視,JLPT_2
就職,JLPT_2
ジュース,JLPT_2
修正,JLPT_2
重体,JLPT_2
渋滞,JLPT_2
重大,JLPT_2
住宅,JLPT_2
集団,JLPT_2
集中,JLPT_2
収入,JLPT_2
住民,JLPT_2
重要,JLPT_2
修理,JLPT_2
主義,JLPT_2
宿泊,JLPT_2
手術,JLPT_2
首相,JLPT_2
手段,JLPT_2
主張,JLPT_2
出場,JLPT_2
出身,JLPT_2
出版,JLPT_2
首都,JLPT_2
主婦,JLPT_2
主要,JLPT_2
需要,JLPT_2
種類,JLPT_2
順,JLPT_2
瞬間,JLPT_2
順調,JLPT_2
順番,JLPT_2
使用,JLPT_2
小,JLPT_2
章,JLPT_2
賞,JLPT_2
上,JLPT_2
障害,JLPT_2
奨学金,JLPT_2
乗客,JLPT_2
上京,JLPT_2
状況,JLPT_2
条件,JLPT_2
正午,JLPT_2
正直,JLPT_2
常識,JLPT_2
少女,JLPT_2
少々,JLPT_2
症状,JLPT_2
生じる,JLPT_2
状態,JLPT_2
上達,JLPT_2
冗談,JLPT_2
上等,JLPT_2
衝突,JLPT_2
商人,JLPT_2
承認,JLPT_2
少年,JLPT_2
商売,JLPT_2
消費,JLPT_2
商品,JLPT_2
賞品,JLPT_2
消防,JLPT_2
情報,JLPT_2
証明,JLPT_2
省略,JLPT_2
女王,JLPT_2
職,JLPT_2
職業,JLPT_2
食卓,JLPT_2
食品,JLPT_2
植物,JLPT_2
食物,JLPT_2
食欲,JLPT_2
食料,JLPT_2
食糧,JLPT_2
書斎,JLPT_2
女子,JLPT_2
助手,JLPT_2
徐々に,JLPT_2
署名,JLPT_2
書物,JLPT_2
女優,JLPT_2
処理,JLPT_2
書類,JLPT_2
知らせ,JLPT_2
尻,JLPT_2
知合い,JLPT_2
印,JLPT_2
城,JLPT_2
進学,JLPT_2
神経,JLPT_2
真剣,JLPT_2
信仰,JLPT_2
信号,JLPT_2
人工,JLPT_2
深刻,JLPT_2
診察,JLPT_2
人種,JLPT_2
信じる,JLPT_2
人生,JLPT_2
親戚,JLPT_2
新鮮,JLPT_2
心臓,JLPT_2
身体,JLPT_2
身長,JLPT_2
慎重,JLPT_2
審判,JLPT_2
人物,JLPT_2
進歩,JLPT_2
親友,JLPT_2
信用,JLPT_2
信頼,JLPT_2
心理,JLPT_2
人類,JLPT_2
巣,JLPT_2
酢,JLPT_2
図,JLPT_2
水準,JLPT_2
推薦,JLPT_2
スイッチ,JLPT_2
睡眠,JLPT_2
数,JLPT_2
数字,JLPT_2
スープ,JLPT_2
末,JLPT_2
姿,JLPT_2
スキー,JLPT_2
救う,JLPT_2
すくなくとも,JLPT_2
優れる,JLPT_2
スケート,JLPT_2
スケジュール,JLPT_2
少しも,JLPT_2
過ごす,JLPT_2
筋,JLPT_2
進める,JLPT_2
勧める,JLPT_2
スター,JLPT_2
スタイル,JLPT_2
スタンド,JLPT_2
頭痛,JLPT_2
ずっと,JLPT_2
すっぱい,JLPT_2
すてき,JLPT_2
既に,JLPT_2
すなわち,JLPT_2
スピーチ,JLPT_2
全て,JLPT_2
済ませる,JLPT_2
角,JLPT_2
墨,JLPT_2
すみません (かん),JLPT_2
澄む,JLPT_2
清む,JLPT_2
刷る,JLPT_2
為る,JLPT_2
鋭い,JLPT_2
すれ違う,JLPT_2
ずれる,JLPT_2
正,JLPT_2
生,JLPT_2
性,JLPT_2
姓,JLPT_2
所為,JLPT_2
税,JLPT_2
性格,JLPT_2
正確,JLPT_2
世紀,JLPT_2
請求,JLPT_2
税金,JLPT_2
清潔,JLPT_2
制限,JLPT_2
成功,JLPT_2
正式,JLPT_2
性質,JLPT_2
精神,JLPT_2
成人,JLPT_2
精々,JLPT_2
成績,JLPT_2
製造,JLPT_2
贅沢,JLPT_2
成長,JLPT_2
生長,JLPT_2
制度,JLPT_2
青年,JLPT_2
生年月日,JLPT_2
製品,JLPT_2
政府,JLPT_2
生物,JLPT_2
生命,JLPT_2
整理,JLPT_2
咳,JLPT_2
石炭,JLPT_2
責任,JLPT_2
石油,JLPT_2
世間,JLPT_2
説,JLPT_2
積極的,JLPT_2
設計,JLPT_2
絶対,JLPT_2
セット,JLPT_2
愛,JLPT_2
相変わらず,JLPT_2
愛情,JLPT_2
合図,JLPT_2
アイスクリーム,JLPT_2
愛する,JLPT_2
相手,JLPT_2
あいにく,JLPT_2
遭う,JLPT_2
アウト,JLPT_2
明かり,JLPT_2
空き,JLPT_2
明らか,JLPT_2
諦める,JLPT_2
飽きる,JLPT_2
握手,JLPT_2
悪魔,JLPT_2
明ける,JLPT_2
揚げる,JLPT_2
挙げる,JLPT_2
預かる,JLPT_2
預ける,JLPT_2
汗,JLPT_2
与える,JLPT_2
温かい,JLPT_2
暖まる,JLPT_2
温まる,JLPT_2
暖める,JLPT_2
温める,JLPT_2
辺り,JLPT_2
当たり前,JLPT_2
当たる,JLPT_2
あちこち,JLPT_2
扱う,JLPT_2
集まり,JLPT_2
当てる,JLPT_2
跡,JLPT_2
穴,JLPT_2
油,JLPT_2
脂,JLPT_2
誤り,JLPT_2
粗,JLPT_2
嵐,JLPT_2
争う,JLPT_2
新た,JLPT_2
あらゆる,JLPT_2
表す,JLPT_2
現す,JLPT_2
著す,JLPT_2
現れ,JLPT_2
現れる,JLPT_2
ありがとう,JLPT_2
在る; 有る,JLPT_2
或,JLPT_2
あるいは,JLPT_2
アルバム,JLPT_2
泡,JLPT_2
合わせる,JLPT_2
慌てる,JLPT_2
哀れ,JLPT_2
案,JLPT_2
案外,JLPT_2
暗記,JLPT_2
安定,JLPT_2
あんなに,JLPT_2
あんまり,JLPT_2
胃,JLPT_2
委員,JLPT_2
意外,JLPT_2
行き,JLPT_2
行き,JLPT_2
息,JLPT_2
勢い,JLPT_2
生き物,JLPT_2
いけない,JLPT_2
医師,JLPT_2
意思,JLPT_2
意志,JLPT_2
維持,JLPT_2
意識,JLPT_2
異常,JLPT_2
意地悪,JLPT_2
泉,JLPT_2
いずれ,JLPT_2
以前,JLPT_2
板,JLPT_2
偉大,JLPT_2
抱く,JLPT_2
いたずら,JLPT_2
いただきます,JLPT_2
痛み,JLPT_2
至る,JLPT_2
位置,JLPT_2
一時,JLPT_2
一度に,JLPT_2
市場,JLPT_2
いつか,JLPT_2
一家,JLPT_2
一種,JLPT_2
一瞬,JLPT_2
一生,JLPT_2
一層,JLPT_2
一体,JLPT_2
一致,JLPT_2
いつでも,JLPT_2
いつのまにか,JLPT_2
一般,JLPT_2
一方,JLPT_2
いつまでも,JLPT_2
移動,JLPT_2
従兄弟,JLPT_2
従姉妹,JLPT_2
稲,JLPT_2
居眠り,JLPT_2
命,JLPT_2
違反,JLPT_2
衣服,JLPT_2
居間,JLPT_2
今に,JLPT_2
今にも,JLPT_2
イメージ,JLPT_2
否,JLPT_2
以来,JLPT_2
依頼,JLPT_2
いらいら,JLPT_2
いらっしゃい,JLPT_2
医療,JLPT_2
岩,JLPT_2
祝い,JLPT_2
祝う,JLPT_2
言わば,JLPT_2
いわゆる,JLPT_2
インク,JLPT_2
印刷,JLPT_2
印象,JLPT_2
引退,JLPT_2
インタビュー,JLPT_2
引用,JLPT_2
ウイスキー,JLPT_2
上,JLPT_2
魚,JLPT_2
うがい,JLPT_2
受け取る,JLPT_2
動かす,JLPT_2
兎,JLPT_2
牛,JLPT_2
失う,JLPT_2
疑う,JLPT_2
宇宙,JLPT_2
討つ,JLPT_2
撃つ,JLPT_2
うっかり,JLPT_2
映す,JLPT_2
訴える,JLPT_2
写る,JLPT_2
映る,JLPT_2
うなる,JLPT_2
奪う,JLPT_2
馬,JLPT_2
生まれ,JLPT_2
有無,JLPT_2
梅,JLPT_2
埋める,JLPT_2
裏切る,JLPT_2
羨ましい,JLPT_2
売れる,JLPT_2
噂,JLPT_2
運,JLPT_2
運転,JLPT_2
永遠,JLPT_2
永久,JLPT_2
影響,JLPT_2
営業,JLPT_2
栄養,JLPT_2
笑顔,JLPT_2
描く,JLPT_2
餌,JLPT_2
エネルギー,JLPT_2
得る,JLPT_2
得る,JLPT_2
円,JLPT_2
延期,JLPT_2
演技,JLPT_2
援助,JLPT_2
エンジン,JLPT_2
演説,JLPT_2
演奏,JLPT_2
老い,JLPT_2
追い付く,JLPT_2
王,JLPT_2
追う,JLPT_2
応援,JLPT_2
王様,JLPT_2
王子,JLPT_2
応じる,JLPT_2
横断,JLPT_2
終える,JLPT_2
大いに,JLPT_2
覆う,JLPT_2
大家,JLPT_2
丘,JLPT_2
沖,JLPT_2
奥,JLPT_2
贈る,JLPT_2
起こる,JLPT_2
押える,JLPT_2
幼い,JLPT_2
収める,JLPT_2
納める,JLPT_2
治める,JLPT_2
お辞儀,JLPT_2
お洒落,JLPT_2
お喋り,JLPT_2
汚染,JLPT_2
恐らく,JLPT_2
恐れる,JLPT_2
恐ろしい,JLPT_2
教わる,JLPT_2
お互い,JLPT_2
穏やか,JLPT_2
男の人,JLPT_2
大人しい,JLPT_2
劣る,JLPT_2
鬼,JLPT_2
帯,JLPT_2
お昼,JLPT_2
オフィス,JLPT_2
溺れる,JLPT_2
お前,JLPT_2
おめでとう,JLPT_2
お目に掛かる,JLPT_2
思い付く,JLPT_2
思い出,JLPT_2
主に,JLPT_2
思わず,JLPT_2
泳ぎ,JLPT_2
およそ,JLPT_2
及ぼす,JLPT_2
下す,JLPT_2
降ろす,JLPT_2
卸す,JLPT_2
音,JLPT_2
恩,JLPT_2
温暖,JLPT_2
温度,JLPT_2
可,JLPT_2
蚊,JLPT_2
課,JLPT_2
カー,JLPT_2
カード,JLPT_2
貝,JLPT_2
害,JLPT_2
会員,JLPT_2
絵画,JLPT_2
海外,JLPT_2
会計,JLPT_2
解決,JLPT_2
会合,JLPT_2
外交,JLPT_2
開始,JLPT_2
解釈,JLPT_2
外出,JLPT_2
改善,JLPT_2
快適,JLPT_2
回復,JLPT_2
飼う,JLPT_2
帰す,JLPT_2
代える,JLPT_2
替える,JLPT_2
換える,JLPT_2
反る,JLPT_2
香り,JLPT_2
画家,JLPT_2
抱える,JLPT_2
価格,JLPT_2
化学,JLPT_2
輝く,JLPT_2
係,JLPT_2
罹る,JLPT_2
限る,JLPT_2
掻く,JLPT_2
描く,JLPT_2
嗅ぐ,JLPT_2
家具,JLPT_2
学,JLPT_2
額,JLPT_2
覚悟,JLPT_2
確実,JLPT_2
学者,JLPT_2
学習,JLPT_2
隠す,JLPT_2
拡大,JLPT_2
確認,JLPT_2
学問,JLPT_2
隠れる,JLPT_2
影,JLPT_2
陰,JLPT_2
欠ける,JLPT_2
加減,JLPT_2
過去,JLPT_2
籠,JLPT_2
囲む,JLPT_2
火災,JLPT_2
重なる,JLPT_2
重ねる,JLPT_2
飾り,JLPT_2
貸し,JLPT_2
菓子,JLPT_2
家事,JLPT_2
賢い,JLPT_2
歌手,JLPT_2
数,JLPT_2
稼ぐ,JLPT_2
数える,JLPT_2
型,JLPT_2
肩,JLPT_2
堅い,JLPT_2
硬い,JLPT_2
方々,JLPT_2
片付く,JLPT_2
刀,JLPT_2
語る,JLPT_2
勝ち,JLPT_2
価値,JLPT_2
がっかり,JLPT_2
活気,JLPT_2
楽器,JLPT_2
学期,JLPT_2
活動,JLPT_2
活躍,JLPT_2
活用,JLPT_2
仮定,JLPT_2
過程,JLPT_2
課程,JLPT_2
悲しむ,JLPT_2
必ずしも,JLPT_2
かなり,JLPT_2
金,JLPT_2
鐘,JLPT_2
可能,JLPT_2
株,JLPT_2
被る,JLPT_2
我慢,JLPT_2
上,JLPT_2
神,JLPT_2
雷,JLPT_2
髪の毛,JLPT_2
科目,JLPT_2
かもしれない,JLPT_2
かゆい,JLPT_2
歌謡,JLPT_2
空,JLPT_2
殻,JLPT_2
柄,JLPT_2
刈る,JLPT_2
河,JLPT_2
皮,JLPT_2
革,JLPT_2
可愛そう,JLPT_2
可愛らしい,JLPT_2
乾かす,JLPT_2
渇く,JLPT_2
代る,JLPT_2
勘,JLPT_2
考え,JLPT_2
感覚,JLPT_2
間隔,JLPT_2
観客,JLPT_2
環境,JLPT_2
歓迎,JLPT_2
観光,JLPT_2
観察,JLPT_2
感じ,JLPT_2
感謝,JLPT_2
患者,JLPT_2
勘定,JLPT_2
感情,JLPT_2
感じる,JLPT_2
感心,JLPT_2
関心,JLPT_2
関する,JLPT_2
完成,JLPT_2
完全,JLPT_2
乾燥,JLPT_2
感想,JLPT_2
感動,JLPT_2
監督,JLPT_2
管理,JLPT_2
完了,JLPT_2
関連,JLPT_2
議員,JLPT_2
記憶,JLPT_2
気温,JLPT_2
機械,JLPT_2
器械,JLPT_2
議会,JLPT_2
期間,JLPT_2
機関,JLPT_2
企業,JLPT_2
効く,JLPT_2
期限,JLPT_2
機嫌,JLPT_2
気候,JLPT_2
岸,JLPT_2
生地,JLPT_2
記事,JLPT_2
技師,JLPT_2
記者,JLPT_2
傷,JLPT_2
期待,JLPT_2
気体,JLPT_2
帰宅,JLPT_2
貴重,JLPT_2
議長,JLPT_2
きちんと,JLPT_2
きつい,JLPT_2
気付く,JLPT_2
気に入る,JLPT_2
記入,JLPT_2
記念,JLPT_2
機能,JLPT_2
気の毒,JLPT_2
寄付,JLPT_2
希望,JLPT_2
基本,JLPT_2
決まり,JLPT_2
気味,JLPT_2
奇妙,JLPT_2
義務,JLPT_2
疑問,JLPT_2
逆,JLPT_2
キャプテン,JLPT_2
キャンプ,JLPT_2
旧,JLPT_2
級,JLPT_2
球,JLPT_2
休暇,JLPT_2
休憩,JLPT_2
急激,JLPT_2
吸収,JLPT_2
救助,JLPT_2
急速,JLPT_2
休息,JLPT_2
急に,JLPT_2
給料,JLPT_2
器用,JLPT_2
教科書,JLPT_2
競技,JLPT_2
行儀,JLPT_2
供給,JLPT_2
教授,JLPT_2
強調,JLPT_2
共通,JLPT_2
共同,JLPT_2
恐怖,JLPT_2
協力,JLPT_2
強力,JLPT_2
許可,JLPT_2
局,JLPT_2
巨大,JLPT_2
嫌う,JLPT_2
霧,JLPT_2
切れ,JLPT_2
切れる,JLPT_2
記録,JLPT_2
議論,JLPT_2
金,JLPT_2
銀,JLPT_2
禁煙,JLPT_2
金額,JLPT_2
金庫,JLPT_2
禁止,JLPT_2
金銭,JLPT_2
金属,JLPT_2
近代,JLPT_2
緊張,JLPT_2
筋肉,JLPT_2
金融,JLPT_2
句,JLPT_2
食う,JLPT_2
偶然,JLPT_2
臭い,JLPT_2
鎖,JLPT_2
腐る,JLPT_2
癖,JLPT_2
管,JLPT_2
具体,JLPT_2
下り,JLPT_2
下る,JLPT_2
苦痛,JLPT_2
ぐっすり,JLPT_2
区別,JLPT_2
組,JLPT_2
組合,JLPT_2
組む,JLPT_2
汲む,JLPT_2
酌む,JLPT_2
悔しい,JLPT_2
位,JLPT_2
暮らし,JLPT_2
クラシック,JLPT_2
暮らす,JLPT_2
グラス,JLPT_2
グランド,JLPT_2
クリーム,JLPT_2
繰り返す,JLPT_2
クリスマス,JLPT_2
狂う,JLPT_2
グループ,JLPT_2
苦しい,JLPT_2
苦しむ,JLPT_2
暮れ,JLPT_2
苦労,JLPT_2
加える,JLPT_2
咥える,JLPT_2
詳しい,JLPT_2
加わる,JLPT_2
訓,JLPT_2
軍,JLPT_2
郡,JLPT_2
軍隊,JLPT_2
訓練,JLPT_2
下,JLPT_2
計,JLPT_2
敬意,JLPT_2
経営,JLPT_2
景気,JLPT_2
傾向,JLPT_2
警告,JLPT_2
計算,JLPT_2
掲示,JLPT_2
刑事,JLPT_2
芸術,JLPT_2
契約,JLPT_2
経由,JLPT_2
ゲーム,JLPT_2
劇,JLPT_2
劇場,JLPT_2
化粧,JLPT_2
けち,JLPT_2
血液,JLPT_2
結果,JLPT_2
欠陥,JLPT_2
結局,JLPT_2
決心,JLPT_2
欠席,JLPT_2
決定,JLPT_2
欠点,JLPT_2
結論,JLPT_2
煙,JLPT_2
蹴る,JLPT_2
券,JLPT_2
県,JLPT_2
見解,JLPT_2
限界,JLPT_2
現金,JLPT_2
言語,JLPT_2
健康,JLPT_2
検査,JLPT_2
現在,JLPT_2
現実,JLPT_2
現象,JLPT_2
現状,JLPT_2
建設,JLPT_2
現代,JLPT_2
建築,JLPT_2
見当,JLPT_2
検討,JLPT_2
現場,JLPT_2
憲法,JLPT_2
権利,JLPT_2
後,JLPT_2
碁,JLPT_2
恋,JLPT_2
濃い,JLPT_2
恋人,JLPT_2
幸運,JLPT_2
講演,JLPT_2
効果,JLPT_2
硬貨,JLPT_2
高価,JLPT_2
豪華,JLPT_2
合格,JLPT_2
交換,JLPT_2
航空,JLPT_2
光景,JLPT_2
合計,JLPT_2
攻撃,JLPT_2
貢献,JLPT_2
広告,JLPT_2
交際,JLPT_2
校舎,JLPT_2
後者,JLPT_2
工場,JLPT_2
公正,JLPT_2
構成,JLPT_2
高速,JLPT_2
行動,JLPT_2
強盗,JLPT_2
後輩,JLPT_2
幸福,JLPT_2
公平,JLPT_2
候補,JLPT_2
考慮,JLPT_2
越える,JLPT_2
超える,JLPT_2
コーチ,JLPT_2
コード,JLPT_2
氷,JLPT_2
凍る,JLPT_2
ゴール,JLPT_2
誤解,JLPT_2
語学,JLPT_2
呼吸,JLPT_2
故郷,JLPT_2
極,JLPT_2
国語,JLPT_2
国籍,JLPT_2
黒板,JLPT_2
克服,JLPT_2
国民,JLPT_2
穀物,JLPT_2
腰,JLPT_2
胡椒,JLPT_2
個人,JLPT_2
越す,JLPT_2
超す,JLPT_2
国家,JLPT_2
国会,JLPT_2
国境,JLPT_2
骨折,JLPT_2
小包,JLPT_2
琴,JLPT_2
異なる,JLPT_2
諺,JLPT_2
断る,JLPT_2
粉,JLPT_2
好み,JLPT_2
好む,JLPT_2
こぼす,JLPT_2
こぼれる,JLPT_2
塵,JLPT_2
小麦,JLPT_2
ごめんなさい,JLPT_2
小屋,JLPT_2
これら,JLPT_2
殺す,JLPT_2
転ぶ,JLPT_2
今回,JLPT_2
今後,JLPT_2
混雑,JLPT_2
こんなに,JLPT_2
困難,JLPT_2
今日,JLPT_2
こんにちは,JLPT_2
婚約,JLPT_2
混乱,JLPT_2
差,JLPT_2
サービス,JLPT_2
際,JLPT_2
最高,JLPT_2
財産,JLPT_2
最終,JLPT_2
最中,JLPT_2
最低,JLPT_2
才能,JLPT_2
裁判,JLPT_2
材料,JLPT_2
幸い,JLPT_2
サイン,JLPT_2
境,JLPT_2
逆らう,JLPT_2
盛り,JLPT_2
作業,JLPT_2
裂く,JLPT_2
昨,JLPT_2
作品,JLPT_2
作物,JLPT_2
桜,JLPT_2
酒,JLPT_2
叫ぶ,JLPT_2
避ける,JLPT_2
支える,JLPT_2
刺さる,JLPT_2
刺す,JLPT_2
指す,JLPT_2
挿す,JLPT_2
注す,JLPT_2
射す,JLPT_2
座席,JLPT_2
誘う,JLPT_2
札,JLPT_2
作家,JLPT_2
作曲,JLPT_2
ざっと,JLPT_2
さっぱり,JLPT_2
さて,JLPT_2
砂漠,JLPT_2
差別,JLPT_2
ママ,JLPT_2
豆,JLPT_2
守る,JLPT_2
迷う,JLPT_2
丸,JLPT_2
円,JLPT_2
まるで,JLPT_2
万一,JLPT_2
満足,JLPT_2
身,JLPT_2
実,JLPT_2
見送り,JLPT_2
味方,JLPT_2
見事,JLPT_2
満ちる,JLPT_2
密,JLPT_2
見舞い,JLPT_2
土産,JLPT_2
都,JLPT_2
妙,JLPT_2
明後日,JLPT_2
未来,JLPT_2
魅力,JLPT_2
診る,JLPT_2
ミルク,JLPT_2
無,JLPT_2
向かい,JLPT_2
迎え,JLPT_2
向く,JLPT_2
剥く,JLPT_2
向ける,JLPT_2
無視,JLPT_2
蒸し暑い,JLPT_2
虫歯,JLPT_2
寧ろ,JLPT_2
蒸す,JLPT_2
結ぶ,JLPT_2
無駄,JLPT_2
夢中,JLPT_2
胸,JLPT_2
無料,JLPT_2
芽,JLPT_2
明確,JLPT_2
名刺,JLPT_2
名詞,JLPT_2
命じる,JLPT_2
名人,JLPT_2
命令,JLPT_2
迷惑,JLPT_2
目上,JLPT_2
飯,JLPT_2
滅多に,JLPT_2
メモ,JLPT_2
面,JLPT_2
綿,JLPT_2
免許,JLPT_2
面接,JLPT_2
面倒,JLPT_2
メンバー,JLPT_2
申し込む,JLPT_2
申し訳,JLPT_2
毛布,JLPT_2
燃える,JLPT_2
目的,JLPT_2
目標,JLPT_2
文字,JLPT_2
文字,JLPT_2
もしかすると,JLPT_2
もしも,JLPT_2
持ち上げる,JLPT_2
用いる,JLPT_2
もったいない,JLPT_2
尤も,JLPT_2
元,JLPT_2
基,JLPT_2
素,JLPT_2
戻す,JLPT_2
基づく,JLPT_2
求める,JLPT_2
者,JLPT_2
物音,JLPT_2
物語,JLPT_2
物事,JLPT_2
燃やす,JLPT_2
模様,JLPT_2
文句,JLPT_2
やがて,JLPT_2
役,JLPT_2
約,JLPT_2
訳,JLPT_2
訳す,JLPT_2
役割,JLPT_2
家賃,JLPT_2
厄介,JLPT_2
宿,JLPT_2
雇う,JLPT_2
屋根,JLPT_2
破る,JLPT_2
破れる,JLPT_2
辞める,JLPT_2
やや,JLPT_2
唯一,JLPT_2
勇気,JLPT_2
友好,JLPT_2
有効,JLPT_2
優秀,JLPT_2
優勝,JLPT_2
友情,JLPT_2
友人,JLPT_2
有能,JLPT_2
郵便,JLPT_2
ユーモア,JLPT_2
有利,JLPT_2
床,JLPT_2
愉快,JLPT_2
譲る,JLPT_2
豊か,JLPT_2
茹でる,JLPT_2
許す,JLPT_2
夜,JLPT_2
夜明け,JLPT_2
酔う,JLPT_2
容易,JLPT_2
容器,JLPT_2
陽気,JLPT_2
要求,JLPT_2
用心,JLPT_2
様子,JLPT_2
要するに,JLPT_2
要素,JLPT_2
要点,JLPT_2
曜日,JLPT_2
ヨーロッパ,JLPT_2
予期,JLPT_2
横切る,JLPT_2
汚す,JLPT_2
予算,JLPT_2
止す,JLPT_2
寄せる,JLPT_2
予測,JLPT_2
ヨット,JLPT_2
夜中,JLPT_2
世の中,JLPT_2
余分,JLPT_2
予報,JLPT_2
予防,JLPT_2
読み,JLPT_2
嫁,JLPT_2
余裕,JLPT_2
より,JLPT_2
因る,JLPT_2
喜び,JLPT_2
よろしく (かん),JLPT_2
四,JLPT_2
来,JLPT_2
ライター,JLPT_2
楽,JLPT_2
ラケット,JLPT_2
利益,JLPT_2
理解,JLPT_2
陸,JLPT_2
利口,JLPT_2
離婚,JLPT_2
理想,JLPT_2
率,JLPT_2
留学,JLPT_2
流行,JLPT_2
量,JLPT_2
寮,JLPT_2
両替,JLPT_2
料金,JLPT_2
例,JLPT_2
礼,JLPT_2
例外,JLPT_2
礼儀,JLPT_2
冷静,JLPT_2
列,JLPT_2
列車,JLPT_2
レベル,JLPT_2
連想,JLPT_2
連続,JLPT_2
老人,JLPT_2
労働,JLPT_2
ロケット,JLPT_2
論じる,JLPT_2
論争,JLPT_2
論文,JLPT_2
輪,JLPT_2
ワイン,JLPT_2
わがまま,JLPT_2
別れ,JLPT_2
分かれる,JLPT_2
脇,JLPT_2
湧く,JLPT_2
分ける,JLPT_2
わざと,JLPT_2
僅か,JLPT_2
綿,JLPT_2
話題,JLPT_2
笑い,JLPT_2
割る,JLPT_2
悪口,JLPT_2
我々,JLPT_2
湾,JLPT_2
椀,JLPT_2
碗,JLPT_2
設備,JLPT_2
絶滅,JLPT_2
節約,JLPT_2
攻める,JLPT_2
責める,JLPT_2
善,JLPT_2
全,JLPT_2
全員,JLPT_2
専攻,JLPT_2
全国,JLPT_2
洗剤,JLPT_2
先日,JLPT_2
前者,JLPT_2
選手,JLPT_2
全身,JLPT_2
前進,JLPT_2
センター,JLPT_2
全体,JLPT_2
選択,JLPT_2
宣伝,JLPT_2
象,JLPT_2
騒音,JLPT_2
増加,JLPT_2
操作,JLPT_2
想像,JLPT_2
相続,JLPT_2
装置,JLPT_2
相当,JLPT_2
速度,JLPT_2
底,JLPT_2
そこで,JLPT_2
組織,JLPT_2
そして,JLPT_2
注ぐ,JLPT_2
育つ,JLPT_2
そっくり,JLPT_2
そっと,JLPT_2
袖,JLPT_2
備える,JLPT_2
具える,JLPT_2
そのうえ,JLPT_2
そのうち,JLPT_2
そのまま,JLPT_2
蕎麦,JLPT_2
ソファー,JLPT_2
粗末,JLPT_2
それぞれ,JLPT_2
それでも,JLPT_2
それと,JLPT_2
それとも,JLPT_2
揃う,JLPT_2
揃える,JLPT_2
損,JLPT_2
損害,JLPT_2
尊敬,JLPT_2
存在,JLPT_2
尊重,JLPT_2
田,JLPT_2
他,JLPT_2
対,JLPT_2
大,JLPT_2
題,JLPT_2
体育,JLPT_2
体温,JLPT_2
大会,JLPT_2
大気,JLPT_2
代金,JLPT_2
退屈,JLPT_2
滞在,JLPT_2
大使,JLPT_2
大した,JLPT_2
体重,JLPT_2
対象,JLPT_2
対照,JLPT_2
大臣,JLPT_2
対する,JLPT_2
大戦,JLPT_2
態度,JLPT_2
大統領,JLPT_2
大半,JLPT_2
代表,JLPT_2
大部分,JLPT_2
タイプライター,JLPT_2
逮捕,JLPT_2
題名,JLPT_2
ダイヤ,JLPT_2
太陽,JLPT_2
平ら,JLPT_2
代理,JLPT_2
大陸,JLPT_2
倒す,JLPT_2
タオル,JLPT_2
だが,JLPT_2
互い,JLPT_2
高める,JLPT_2
宝,JLPT_2
宅,JLPT_2
炊く,JLPT_2
焚く,JLPT_2
抱く,JLPT_2
だけど,JLPT_2
たしか,JLPT_2
確かめる,JLPT_2
多少,JLPT_2
助かる,JLPT_2
助ける,JLPT_2
ただ,JLPT_2
只,JLPT_2
唯,JLPT_2
戦い,JLPT_2
戦う,JLPT_2
叩く,JLPT_2
直ちに,JLPT_2
畳む,JLPT_2
立ち上がる,JLPT_2
立場,JLPT_2
建つ,JLPT_2
経つ,JLPT_2
達する,JLPT_2
唯,JLPT_2
だって,JLPT_2
たっぷり,JLPT_2
たとえ,JLPT_2
谷,JLPT_2
他人,JLPT_2
種,JLPT_2
束,JLPT_2
足袋,JLPT_2
度,JLPT_2
旅,JLPT_2
たびたび,JLPT_2
玉,JLPT_2
球,JLPT_2
弾,JLPT_2
偶,JLPT_2
騙す,JLPT_2
偶々,JLPT_2
たまらない,JLPT_2
溜まる,JLPT_2
黙る,JLPT_2
試し,JLPT_2
試す,JLPT_2
溜める,JLPT_2
便り,JLPT_2
頼る,JLPT_2
段,JLPT_2
単位,JLPT_2
単語,JLPT_2
男子,JLPT_2
単純,JLPT_2
誕生,JLPT_2
ダンス,JLPT_2
団体,JLPT_2
担当,JLPT_2
単なる,JLPT_2
単に,JLPT_2
地,JLPT_2
地位,JLPT_2
地域,JLPT_2
チーズ,JLPT_2
チーム,JLPT_2
知恵,JLPT_2
地下,JLPT_2
違い,JLPT_2
違いない,JLPT_2
近頃,JLPT_2
地球,JLPT_2
地区,JLPT_2
遅刻,JLPT_2
知事,JLPT_2
知識,JLPT_2
父親,JLPT_2
知能,JLPT_2
地平線,JLPT_2
地方,JLPT_2
茶,JLPT_2
チャンス,JLPT_2
ちゃんと,JLPT_2
中,JLPT_2
注,JLPT_2
中央,JLPT_2
中学,JLPT_2
中古,JLPT_2
中止,JLPT_2
駐車,JLPT_2
昼食,JLPT_2
中心,JLPT_2
注目,JLPT_2
注文,JLPT_2
長期,JLPT_2
調査,JLPT_2
調子,JLPT_2
頂上,JLPT_2
ちょうだい,JLPT_2
貯金,JLPT_2
直接,JLPT_2
著者,JLPT_2
散らす,JLPT_2
散る,JLPT_2
遂に,JLPT_2
通過,JLPT_2
通貨,JLPT_2
通学,JLPT_2
通勤,JLPT_2
通行,JLPT_2
通じる,JLPT_2
通信,JLPT_2
通訳,JLPT_2
捕まる,JLPT_2
掴む,JLPT_2
疲れ,JLPT_2
付き合い,JLPT_2
付合う,JLPT_2
次々,JLPT_2
付く,JLPT_2
就く,JLPT_2
突く,JLPT_2
次ぐ,JLPT_2
注ぐ,JLPT_2
付ける,JLPT_2
着ける,JLPT_2
伝わる,JLPT_2
土,JLPT_2
続き,JLPT_2
包み,JLPT_2
勤め,JLPT_2
務め,JLPT_2
繋がる,JLPT_2
繋ぐ,JLPT_2
繋げる,JLPT_2
常に,JLPT_2
翼,JLPT_2
つまり,JLPT_2
罪,JLPT_2
積む,JLPT_2
詰める,JLPT_2
積もる,JLPT_2
梅雨,JLPT_2
辛い,JLPT_2
釣,JLPT_2
連れ,JLPT_2
出,JLPT_2
出会い,JLPT_2
出合い,JLPT_2
出会う,JLPT_2
提案,JLPT_2
定期,JLPT_2
抵抗,JLPT_2
提出,JLPT_2
停電,JLPT_2
程度,JLPT_2
停留所,JLPT_2
デート,JLPT_2
敵,JLPT_2
出来事,JLPT_2
適する,JLPT_2
適切,JLPT_2
適度,JLPT_2
適用,JLPT_2
できれば,JLPT_2
手品,JLPT_2
ですから,JLPT_2
鉄,JLPT_2
哲学,JLPT_2
手伝い,JLPT_2
徹底,JLPT_2
鉄道,JLPT_2
徹夜,JLPT_2
手間,JLPT_2
デモ,JLPT_2
典型,JLPT_2
天候,JLPT_2
電子,JLPT_2
テント,JLPT_2
伝統,JLPT_2
天然,JLPT_2
問い,JLPT_2
党,JLPT_2
塔,JLPT_2
答案,JLPT_2
同一,JLPT_2
銅貨,JLPT_2
当時,JLPT_2
動詞,JLPT_2
同時,JLPT_2
どうしても,JLPT_2
どうぞよろしく,JLPT_2
到着,JLPT_2
道徳,JLPT_2
投票,JLPT_2
東洋,JLPT_2
同様,JLPT_2
童謡,JLPT_2
同僚,JLPT_2
道路,JLPT_2
通す,JLPT_2
通り過ぎる,JLPT_2
都会,JLPT_2
溶く,JLPT_2
解く,JLPT_2
退く,JLPT_2
毒,JLPT_2
得意,JLPT_2
読書,JLPT_2
独身,JLPT_2
特徴,JLPT_2
特長,JLPT_2
独特,JLPT_2
独立,JLPT_2
溶ける,JLPT_2
解ける,JLPT_2
どこか,JLPT_2
ところが,JLPT_2
ところで,JLPT_2
登山,JLPT_2
都市,JLPT_2
年月,JLPT_2
図書,JLPT_2
年寄,JLPT_2
閉じる,JLPT_2
途端,JLPT_2
土地,JLPT_2
突然,JLPT_2
トップ,JLPT_2
届く,JLPT_2
とにかく,JLPT_2
飛ばす,JLPT_2
飛び出す,JLPT_2
留める,JLPT_2
泊める,JLPT_2
友,JLPT_2
共に,JLPT_2
虎,JLPT_2
ドライブ,JLPT_2
トラック,JLPT_2
ドラマ,JLPT_2
トランプ,JLPT_2
取り上げる,JLPT_2
努力,JLPT_2
トレーニング,JLPT_2
ドレス,JLPT_2
取れる,JLPT_2
泥,JLPT_2
トン,JLPT_2
とんでもない,JLPT_2
どんなに,JLPT_2
トンネル,JLPT_2
名,JLPT_2
内容,JLPT_2
なお,JLPT_2
仲,JLPT_2
流す,JLPT_2
半ば,JLPT_2
仲間,JLPT_2
中身,JLPT_2
中味,JLPT_2
眺め,JLPT_2
眺める,JLPT_2
流れ,JLPT_2
流れる,JLPT_2
亡くす,JLPT_2
殴る,JLPT_2
無し,JLPT_2
なぜなら,JLPT_2
謎,JLPT_2
納得,JLPT_2
何か,JLPT_2
なにも,JLPT_2
鍋,JLPT_2
生,JLPT_2
怠ける,JLPT_2
波,JLPT_2
涙,JLPT_2
悩む,JLPT_2
鳴らす,JLPT_2
為る,JLPT_2
生る,JLPT_2
馴れる,JLPT_2
縄,JLPT_2
何で,JLPT_2
何でも,JLPT_2
何とか,JLPT_2
似合う,JLPT_2
煮える,JLPT_2
苦手,JLPT_2
握る,JLPT_2
日,JLPT_2
日常,JLPT_2
日光,JLPT_2
日中,JLPT_2
にっこり,JLPT_2
日本,JLPT_2
日本,JLPT_2
入場,JLPT_2
煮る,JLPT_2
人気,JLPT_2
人間,JLPT_2
抜く,JLPT_2
抜ける,JLPT_2
布,JLPT_2
濡らす,JLPT_2
根,JLPT_2
値,JLPT_2
願い,JLPT_2
願う,JLPT_2
鼠,JLPT_2
熱帯,JLPT_2
熱中,JLPT_2
年間,JLPT_2
年月,JLPT_2
年中,JLPT_2
年代,JLPT_2
年齢,JLPT_2
野,JLPT_2
能,JLPT_2
農家,JLPT_2
農業,JLPT_2
農民,JLPT_2
能力,JLPT_2
ノー,JLPT_2
軒,JLPT_2
残す,JLPT_2
残り,JLPT_2
乗せる,JLPT_2
載せる,JLPT_2
覗く,JLPT_2
除く,JLPT_2
望み,JLPT_2
望む,JLPT_2
後,JLPT_2
ノック,JLPT_2
伸ばす,JLPT_2
延ばす,JLPT_2
伸びる,JLPT_2
延びる,JLPT_2
述べる,JLPT_2
上る,JLPT_2
昇る,JLPT_2
載る,JLPT_2
のんびり,JLPT_2
場,JLPT_2
はあ (かん),JLPT_2
パーセント,JLPT_2
灰,JLPT_2
梅雨,JLPT_2
バイオリン,JLPT_2
ハイキング,JLPT_2
配達,JLPT_2
パイプ,JLPT_2
俳優,JLPT_2
パイロット,JLPT_2
生える,JLPT_2
墓,JLPT_2
馬鹿,JLPT_2
博士,JLPT_2
計る,JLPT_2
量る,JLPT_2
測る,JLPT_2
掃く,JLPT_2
吐く,JLPT_2
拍手,JLPT_2
莫大,JLPT_2
爆発,JLPT_2
博物館,JLPT_2
激しい,JLPT_2
はさみ,JLPT_2
破産,JLPT_2
端,JLPT_2
始まり,JLPT_2
パス,JLPT_2
外す,JLPT_2
パスポート,JLPT_2
外れる,JLPT_2
旗,JLPT_2
肌,JLPT_2
裸,JLPT_2
畑,JLPT_2
働き,JLPT_2
バッグ,JLPT_2
発見,JLPT_2
発行,JLPT_2
発車,JLPT_2
発射,JLPT_2
罰する,JLPT_2
発達,JLPT_2
ばったり,JLPT_2
発展,JLPT_2
発表,JLPT_2
発明,JLPT_2
派手,JLPT_2
話し合う,JLPT_2
離す,JLPT_2
放す,JLPT_2
離れる,JLPT_2
放れる,JLPT_2
羽,JLPT_2
羽根,JLPT_2
幅,JLPT_2
母親,JLPT_2
省く,JLPT_2
場面,JLPT_2
流行る,JLPT_2
腹,JLPT_2
原,JLPT_2
バランス,JLPT_2
針,JLPT_2
範囲,JLPT_2
反抗,JLPT_2
犯罪,JLPT_2
ハンサム,JLPT_2
反省,JLPT_2
判断,JLPT_2
犯人,JLPT_2
販売,JLPT_2
灯,JLPT_2
ビール,JLPT_2
被害,JLPT_2
比較,JLPT_2
ピクニック,JLPT_2
悲劇,JLPT_2
飛行,JLPT_2
膝,JLPT_2
非常,JLPT_2
美人,JLPT_2
額,JLPT_2
日付,JLPT_2
引越し,JLPT_2
必死,JLPT_2
ぴったり,JLPT_2
引っ張る,JLPT_2
否定,JLPT_2
ビデオ,JLPT_2
一言,JLPT_2
人込み,JLPT_2
等しい,JLPT_2
独り,JLPT_2
一人一人,JLPT_2
批判,JLPT_2
批評,JLPT_2
秘密,JLPT_2
微妙,JLPT_2
紐,JLPT_2
冷やす,JLPT_2
費用,JLPT_2
表,JLPT_2
秒,JLPT_2
評価,JLPT_2
表現,JLPT_2
表情,JLPT_2
平等,JLPT_2
評判,JLPT_2
表面,JLPT_2
広がる,JLPT_2
広げる,JLPT_2
広める,JLPT_2
品,JLPT_2
瓶,JLPT_2
便,JLPT_2
ピン,JLPT_2
不,JLPT_2
不,JLPT_2
無,JLPT_2
分,JLPT_2
不安,JLPT_2
風景,JLPT_2
夫婦,JLPT_2
笛,JLPT_2
不可,JLPT_2
深まる,JLPT_2
武器,JLPT_2
拭く,JLPT_2
服装,JLPT_2
含む,JLPT_2
含める,JLPT_2
袋,JLPT_2
不幸,JLPT_2
節,JLPT_2
無事,JLPT_2
不思議,JLPT_2
不自由,JLPT_2
夫人,JLPT_2
婦人,JLPT_2
不正,JLPT_2
防ぐ,JLPT_2
不足,JLPT_2
舞台,JLPT_2
双子,JLPT_2
再び,JLPT_2
普段,JLPT_2
縁,JLPT_2
打つ,JLPT_2
不通,JLPT_2
物価,JLPT_2
ぶつかる,JLPT_2
ぶつける,JLPT_2
物質,JLPT_2
物理,JLPT_2
筆,JLPT_2
ふと,JLPT_2
部分,JLPT_2
不平,JLPT_2
不満,JLPT_2
増やす,JLPT_2
殖やす,JLPT_2
プラス,JLPT_2
プラスチック,JLPT_2
プラン,JLPT_2
不利,JLPT_2
振る,JLPT_2
震える,JLPT_2
ブレーキ,JLPT_2
触れる,JLPT_2
プロ,JLPT_2
分,JLPT_2
文,JLPT_2
雰囲気,JLPT_2
分析,JLPT_2
文明,JLPT_2
分野,JLPT_2
塀,JLPT_2
平均,JLPT_2
平和,JLPT_2
別に,JLPT_2
減らす,JLPT_2
減る,JLPT_2
ベルト,JLPT_2
変化,JLPT_2
ペンキ,JLPT_2
変更,JLPT_2
ベンチ,JLPT_2
弁当,JLPT_2
方,JLPT_2
法,JLPT_2
棒,JLPT_2
冒険,JLPT_2
方向,JLPT_2
報告,JLPT_2
宝石,JLPT_2
包装,JLPT_2
豊富,JLPT_2
方法,JLPT_2
方々,JLPT_2
訪問,JLPT_2
吠える,JLPT_2
ボーイ,JLPT_2
ボート,JLPT_2
ホーム,JLPT_2
ボール,JLPT_2
他,JLPT_2
誇り,JLPT_2
埃,JLPT_2
保証,JLPT_2
保存,JLPT_2
歩道,JLPT_2
仏,JLPT_2
骨,JLPT_2
炎,JLPT_2
頬,JLPT_2
頬,JLPT_2
ほぼ,JLPT_2
微笑む,JLPT_2
堀,JLPT_2
濠,JLPT_2
本当,JLPT_2
本人,JLPT_2
本物,JLPT_2
ぼんやり,JLPT_2
間,JLPT_2
まあ,JLPT_2
マーケット,JLPT_2
マイク,JLPT_2
迷子,JLPT_2
マイナス,JLPT_2
任せる,JLPT_2
巻く,JLPT_2
蒔く,JLPT_2
撒く,JLPT_2
幕,JLPT_2
負け,JLPT_2
孫,JLPT_2
まさか,JLPT_2
まさに,JLPT_2
混ざる,JLPT_2
交ざる,JLPT_2
混じる,JLPT_2
交じる,JLPT_2
増す,JLPT_2
貧しい,JLPT_2
マスター,JLPT_2
ますます,JLPT_2
混ぜる,JLPT_2
交ぜる,JLPT_2
街,JLPT_2
間違い,JLPT_2
松,JLPT_2
真っ赤,JLPT_2
全く,JLPT_2
祭,JLPT_2
まとまる,JLPT_2
まとめる,JLPT_2
学ぶ,JLPT_2
真似,JLPT_2
招く,JLPT_2
まぶしい,JLPT_2
後,JLPT_2
家,JLPT_2
いつ,JLPT_2
上,JLPT_2
エレベーター,JLPT_2
～個,JLPT_2
～歳,JLPT_2
～さん,JLPT_2
時間,JLPT_2
～中,JLPT_2
授業,JLPT_2
そこ,JLPT_2
ちょっと,JLPT_2
長い,JLPT_2
引く,JLPT_2
～本,JLPT_2
もう,JLPT_2
四つ,JLPT_2
私,JLPT_2
認める,JLPT_3
会う,JLPT_3
秋,JLPT_3
開く,JLPT_3
開ける,JLPT_3
上げる,JLPT_3
明日,JLPT_3
浴びる,JLPT_3
余り,JLPT_3
在る,JLPT_3
有る,JLPT_3
いくつ,JLPT_3
いくら,JLPT_3
椅子,JLPT_3
一,JLPT_3
一番,JLPT_3
五日,JLPT_3
いつも,JLPT_3
今,JLPT_3
嫌,JLPT_3
後ろ,JLPT_3
薄い,JLPT_3
うち,JLPT_3
生まれる,JLPT_3
売る,JLPT_3
うるさい,JLPT_3
絵,JLPT_3
起きる,JLPT_3
置く,JLPT_3
おじいさん,JLPT_3
お腹,JLPT_3
重い,JLPT_3
降りる,JLPT_3
買う,JLPT_3
返す,JLPT_3
帰る,JLPT_3
顔,JLPT_3
かかる,JLPT_3
鍵,JLPT_3
書く,JLPT_3
掛ける,JLPT_3
かける,JLPT_3
方,JLPT_3
家庭,JLPT_3
かぶる,JLPT_3
紙,JLPT_3
川; 河,JLPT_3
漢字,JLPT_3
聞く,JLPT_3
昨日,JLPT_3
九,JLPT_3
キロ; キログラム,JLPT_3
キロ; キロメートル,JLPT_3
金曜日,JLPT_3
九,JLPT_3
曇り,JLPT_3
暗い,JLPT_3
結構,JLPT_3
月曜日,JLPT_3
五,JLPT_3
公園,JLPT_3
ここ,JLPT_3
この,JLPT_3
コピーする,JLPT_3
咲く,JLPT_3
差す,JLPT_3
散歩,JLPT_3
四,JLPT_3
下,JLPT_3
七,JLPT_3
閉める,JLPT_3
締める,JLPT_3
じゃ; じゃあ,JLPT_3
十,JLPT_3
白,JLPT_3
吸う,JLPT_3
住む,JLPT_3
する,JLPT_3
背,JLPT_3
洗濯,JLPT_3
掃除,JLPT_3
その,JLPT_3
そば,JLPT_3
それ,JLPT_3
大変,JLPT_3
立つ,JLPT_3
たて,JLPT_3
多分,JLPT_3
誰か,JLPT_3
着く,JLPT_3
つける,JLPT_3
できる,JLPT_3
では,JLPT_3
でも,JLPT_3
十,JLPT_3
～時,JLPT_3
年,JLPT_3
とても,JLPT_3
土曜日,JLPT_3
どれ,JLPT_3
どんな,JLPT_3
中,JLPT_3
無くす,JLPT_3
～など,JLPT_3
七つ,JLPT_3
何,JLPT_3
なる,JLPT_3
日曜日,JLPT_3
温い,JLPT_3
登る,JLPT_3
乗る,JLPT_3
はい,JLPT_3
はく,JLPT_3
橋,JLPT_3
箸,JLPT_3
初め; 始め,JLPT_3
二十歳,JLPT_3
話す,JLPT_3
春,JLPT_3
貼る,JLPT_3
半,JLPT_3
晩,JLPT_3
弾く,JLPT_3
一人,JLPT_3
吹く,JLPT_3
服,JLPT_3
降る,JLPT_3
ペット,JLPT_3
勉強,JLPT_3
外,JLPT_3
本当,JLPT_3
曲る,JLPT_3
また,JLPT_3
まだ,JLPT_3
町,JLPT_3
待つ,JLPT_3
まっすぐ,JLPT_3
丸い; 円い,JLPT_3
見る,JLPT_3
みんな,JLPT_3
目,JLPT_3
木曜日,JLPT_3
もっと,JLPT_3
物,JLPT_3
昨夜,JLPT_3
雪,JLPT_3
呼ぶ,JLPT_3
夜,JLPT_3
りっぱ,JLPT_3
零,JLPT_3
踏む,JLPT_4
～区,JLPT_4
すっと,JLPT_4
盗む,JLPT_4
大抵,JLPT_4
とうとう,JLPT_4
ガソリン,JLPT_4
鳴る,JLPT_4
しっかり,JLPT_4
生きる,JLPT_4
苦い,JLPT_4
沸く,JLPT_4
意見,JLPT_4
やはり; やっぱり,JLPT_4
漫画,JLPT_4
ステレオ,JLPT_4
医学,JLPT_4
テキスト,JLPT_4
～月,JLPT_4
折る,JLPT_4
～会,JLPT_4
うかがう,JLPT_4
聞こえる,JLPT_4
僕,JLPT_4
必ず,JLPT_4
壊す,JLPT_4
怒る,JLPT_4
床屋,JLPT_4
オートバイ,JLPT_4
運動,JLPT_4
止む,JLPT_4
もし,JLPT_4
表,JLPT_4
大学生,JLPT_4
運転手,JLPT_4
予習,JLPT_4
心配,JLPT_4
別,JLPT_4
非常に,JLPT_4
お宅,JLPT_4
柔らかい,JLPT_4
拾う,JLPT_4
～ございます,JLPT_4
気,JLPT_4
比べる,JLPT_4
ほとんど,JLPT_4
つもり,JLPT_4
郊外,JLPT_4
だめ,JLPT_4
売り場,JLPT_4
正月,JLPT_4
規則,JLPT_4
うん,JLPT_4
発音,JLPT_4
焼く,JLPT_4
屋上,JLPT_4
失礼,JLPT_4
ごみ,JLPT_4
アフリカ,JLPT_4
点,JLPT_4
一生懸命,JLPT_4
今度,JLPT_4
機会,JLPT_4
建てる,JLPT_4
複雑,JLPT_4
彼,JLPT_4
いらっしゃる,JLPT_4
布団,JLPT_4
大事,JLPT_4
贈り物,JLPT_4
泥棒,JLPT_4
～製,JLPT_4
注意,JLPT_4
台風,JLPT_4
日,JLPT_4
～軒,JLPT_4
そう,JLPT_4
通る,JLPT_4
過ぎる,JLPT_4
レポート; リポート,JLPT_4
葉,JLPT_4
必要,JLPT_4
課長,JLPT_4
地震,JLPT_4
すると,JLPT_4
止める,JLPT_4
ガラス,JLPT_4
～学部,JLPT_4
厳しい,JLPT_4
エスカレーター,JLPT_4
人口,JLPT_4
月,JLPT_4
絹,JLPT_4
ちっとも,JLPT_4
深い,JLPT_4
壊れる,JLPT_4
揺れる,JLPT_4
落る,JLPT_4
できるだけ,JLPT_4
悲しい,JLPT_4
中学校,JLPT_4
ガス,JLPT_4
祈る,JLPT_4
盛ん,JLPT_4
アルバイト,JLPT_4
起こす,JLPT_4
致す,JLPT_4
噛む,JLPT_4
赤ちゃん,JLPT_4
浅い,JLPT_4
うそ,JLPT_4
小説,JLPT_4
親,JLPT_4
それに,JLPT_4
西洋,JLPT_4
思う,JLPT_4
パート (タイム),JLPT_4
時代,JLPT_4
申し上げる,JLPT_4
～式,JLPT_4
出席,JLPT_4
～家,JLPT_4
迎える,JLPT_4
触る,JLPT_4
建て,JLPT_4
社長,JLPT_4
動物園,JLPT_4
捕まえる,JLPT_4
季節,JLPT_4
寄る,JLPT_4
決まる,JLPT_4
開く,JLPT_4
逃げる,JLPT_4
だから,JLPT_4
残念,JLPT_4
畳,JLPT_4
丁寧,JLPT_4
地理,JLPT_4
さっき,JLPT_4
怖い,JLPT_4
包む,JLPT_4
なるべく,JLPT_4
無理,JLPT_4
サンドイッチ,JLPT_4
会議室,JLPT_4
品物,JLPT_4
人形,JLPT_4
利用,JLPT_4
飾る,JLPT_4
止める,JLPT_4
恥ずかしい,JLPT_4
いくら～ても,JLPT_4
用事,JLPT_4
ビル,JLPT_4
けんかする,JLPT_4
頑張る,JLPT_4
投げる,JLPT_4
故障,JLPT_4
力,JLPT_4
受ける,JLPT_4
気分,JLPT_4
間違える,JLPT_4
そんな,JLPT_4
星,JLPT_4
場合,JLPT_4
やっと,JLPT_4
足りる,JLPT_4
行う,JLPT_4
ぶどう,JLPT_4
無くなる,JLPT_4
準備,JLPT_4
世界,JLPT_4
住所,JLPT_4
再来月,JLPT_4
林,JLPT_4
倍,JLPT_4
痩せる,JLPT_4
線,JLPT_4
戦争,JLPT_4
決める,JLPT_4
調べる,JLPT_4
寝坊,JLPT_4
パパ,JLPT_4
光る,JLPT_4
夫,JLPT_4
雲,JLPT_4
坂,JLPT_4
～(て) しまう,JLPT_4
飛行場,JLPT_4
柔道,JLPT_4
決して,JLPT_4
事務所,JLPT_4
連絡,JLPT_4
小学校,JLPT_4
客,JLPT_4
昔,JLPT_4
美しい,JLPT_4
捨てる,JLPT_4
なさる,JLPT_4
事,JLPT_4
どんどん,JLPT_4
試合,JLPT_4
適当,JLPT_4
素晴らしい,JLPT_4
美術館,JLPT_4
文法,JLPT_4
終わり,JLPT_4
壁,JLPT_4
一度,JLPT_4
お礼,JLPT_4
親切,JLPT_4
知らせる,JLPT_4
歯医者,JLPT_4
熱心,JLPT_4
始める,JLPT_4
もらう,JLPT_4
泣く,JLPT_4
治る,JLPT_4
熱,JLPT_4
お祭り,JLPT_4
水道,JLPT_4
匂い,JLPT_4
ベル,JLPT_4
赤ん坊,JLPT_4
おかしい,JLPT_4
事故,JLPT_4
変,JLPT_4
辞典,JLPT_4
残る,JLPT_4
立てる,JLPT_4
くれる,JLPT_4
～員,JLPT_4
原因,JLPT_4
驚く,JLPT_4
いただく,JLPT_4
祖母,JLPT_4
場所,JLPT_4
答,JLPT_4
もちろん,JLPT_4
漬ける,JLPT_4
受付,JLPT_4
内,JLPT_4
スクリーン,JLPT_4
増える,JLPT_4
または,JLPT_4
けがする,JLPT_4
以下,JLPT_4
選ぶ,JLPT_4
～ばかり,JLPT_4
心,JLPT_4
～だす,JLPT_4
サラダ,JLPT_4
届ける,JLPT_4
あいさつする,JLPT_4
景色,JLPT_4
確か,JLPT_4
ステーキ,JLPT_4
食料品,JLPT_4
森,JLPT_4
以内,JLPT_4
予定,JLPT_4
オーバー,JLPT_4
乾く,JLPT_4
石,JLPT_4
思い出す,JLPT_4
踊る,JLPT_4
細かい,JLPT_4
塗る,JLPT_4
ご主人,JLPT_4
珍しい,JLPT_4
用,JLPT_4
公務員,JLPT_4
お嬢さん,JLPT_4
用意,JLPT_4
探す,JLPT_4
形,JLPT_4
運転,JLPT_4
すっかり,JLPT_4
アナウンサー,JLPT_4
お土産,JLPT_4
消しゴム,JLPT_4
旅館,JLPT_4
海岸,JLPT_4
寂しい,JLPT_4
火,JLPT_4
育てる,JLPT_4
味噌,JLPT_4
お祝い,JLPT_4
乗り物,JLPT_4
案内,JLPT_4
通う,JLPT_4
連れる,JLPT_4
技術,JLPT_4
小鳥,JLPT_4
下宿,JLPT_4
ジャム,JLPT_4
招待,JLPT_4
鏡,JLPT_4
はず,JLPT_4
法律,JLPT_4
進む,JLPT_4
楽む,JLPT_4
貿易,JLPT_4
反対,JLPT_4
おる,JLPT_4
申す,JLPT_4
試験,JLPT_4
真面目,JLPT_4
ごらんになる,JLPT_4
店員,JLPT_4
泊まる,JLPT_4
よろしい,JLPT_4
今夜,JLPT_4
おつり,JLPT_4
チェックする,JLPT_4
会話,JLPT_4
空気,JLPT_4
交通,JLPT_4
ワープロ,JLPT_4
喜ぶ,JLPT_4
急行,JLPT_4
皆,JLPT_4
味,JLPT_4
空港,JLPT_4
手袋,JLPT_4
校長,JLPT_4
ごちそう,JLPT_4
踊り,JLPT_4
興味,JLPT_4
引っ越す,JLPT_4
冷房,JLPT_4
都合,JLPT_4
遠慮,JLPT_4
亡くなる,JLPT_4
科学,JLPT_4
はっきり,JLPT_4
差し上げる,JLPT_4
気持ち,JLPT_4
祖父,JLPT_4
港,JLPT_4
予約,JLPT_4
凄い,JLPT_4
入学,JLPT_4
片付ける,JLPT_4
写す,JLPT_4
パソコン,JLPT_4
部長,JLPT_4
火事,JLPT_4
足す,JLPT_4
教会,JLPT_4
彼ら,JLPT_4
いっぱい,JLPT_4
アメリカ,JLPT_4
男性,JLPT_4
理由,JLPT_4
生産,JLPT_4
着物,JLPT_4
おもちゃ,JLPT_4
暮れる,JLPT_4
釣る,JLPT_4
～ちゃん,JLPT_4
打つ,JLPT_4
あんな,JLPT_4
謝る,JLPT_4
昼間,JLPT_4
教育,JLPT_4
女性,JLPT_4
米,JLPT_4
邪魔,JLPT_4
国際,JLPT_4
隅,JLPT_4
伺う,JLPT_4
再来週,JLPT_4
夢,JLPT_4
喉,JLPT_4
最近,JLPT_4
周り,JLPT_4
歴史,JLPT_4
不便,JLPT_4
血,JLPT_4
～続ける,JLPT_4
毛,JLPT_4
ひどい,JLPT_4
例えば,JLPT_4
中々,JLPT_4
随分,JLPT_4
～やすい,JLPT_4
押し入れ,JLPT_4
電灯,JLPT_4
叱る,JLPT_4
サンダル,JLPT_4
びっくりする,JLPT_4
うまい,JLPT_4
変える,JLPT_4
講堂,JLPT_4
子,JLPT_4
沸かす,JLPT_4
レジ,JLPT_4
しばらく,JLPT_4
特に,JLPT_4
空く,JLPT_4
計画,JLPT_4
通り,JLPT_4
下着,JLPT_4
経済,JLPT_4
こう,JLPT_4
是非,JLPT_4
裏,JLPT_4
為,JLPT_4
おいでになる,JLPT_4
変わる,JLPT_4
以外,JLPT_4
済む,JLPT_4
ハンバーグ,JLPT_4
市,JLPT_4
引き出し,JLPT_4
遊び,JLPT_4
支度,JLPT_4
～始める,JLPT_4
見える,JLPT_4
十分,JLPT_4
音,JLPT_4
きっと,JLPT_4
まず,JLPT_4
遠く,JLPT_4
大体,JLPT_4
折れる,JLPT_4
正しい,JLPT_4
輸入,JLPT_4
返事,JLPT_4
都,JLPT_4
産業,JLPT_4
伝える,JLPT_4
お金持ち,JLPT_4
説明,JLPT_4
島,JLPT_4
道具,JLPT_4
滑る,JLPT_4
それほど,JLPT_4
以上,JLPT_4
～まま,JLPT_4
特急,JLPT_4
プレゼント,JLPT_4
～(に) よると,JLPT_4
妻,JLPT_4
帰り,JLPT_4
具合,JLPT_4
堅; 硬; 固い,JLPT_4
駐車場,JLPT_4
スーツ,JLPT_4
危険,JLPT_4
髪,JLPT_4
天気予報,JLPT_4
彼女,JLPT_4
間,JLPT_4
卒業,JLPT_4
それで,JLPT_4
枝,JLPT_4
専門,JLPT_4
そろそろ,JLPT_4
送る,JLPT_4
あげる,JLPT_4
騒ぐ,JLPT_4
尋ねる,JLPT_4
放送,JLPT_4
政治,JLPT_4
市民,JLPT_4
ファックス,JLPT_4
負ける,JLPT_4
指輪,JLPT_4
田舎,JLPT_4
見つける,JLPT_4
高校生,JLPT_4
講義,JLPT_4
そんなに,JLPT_4
昼休み,JLPT_4
忘れ物,JLPT_4
下りる,JLPT_4
腕,JLPT_4
訳,JLPT_4
承知,JLPT_4
日記,JLPT_4
高校; 高等学校,JLPT_4
似る,JLPT_4
～おわる,JLPT_4
暖房,JLPT_4
留守,JLPT_4
割合,JLPT_4
寺,JLPT_4
慣れる,JLPT_4
普通,JLPT_4
手伝う,JLPT_4
なるほど,JLPT_4
くださる,JLPT_4
息子,JLPT_4
お子さん,JLPT_4
会場,JLPT_4
笑う,JLPT_4
運ぶ,JLPT_4
文学,JLPT_4
光,JLPT_4
お見舞い,JLPT_4
席,JLPT_4
～様,JLPT_4
ご存じ,JLPT_4
下る,JLPT_4
字,JLPT_4
アジア,JLPT_4
褒める,JLPT_4
空く,JLPT_4
あ,JLPT_4
最も,JLPT_4
合う,JLPT_4
～代,JLPT_4
最後,JLPT_4
値段,JLPT_4
退院,JLPT_4
展覧会,JLPT_4
久しぶり,JLPT_4
カーテン,JLPT_4
汽車,JLPT_4
遅れる,JLPT_4
見つかる,JLPT_4
召し上がる,JLPT_4
太る,JLPT_4
注射,JLPT_4
様,JLPT_4
～おき,JLPT_4
最初,JLPT_4
御～,JLPT_4
安心,JLPT_4
直る,JLPT_4
集める,JLPT_4
直す,JLPT_4
続く,JLPT_4
先輩,JLPT_4
約束,JLPT_4
世話,JLPT_4
近所,JLPT_4
将来,JLPT_4
億,JLPT_4
数学,JLPT_4
文化,JLPT_4
払う,JLPT_4
習慣,JLPT_4
焼ける,JLPT_4
君,JLPT_4
冷える,JLPT_4
点く,JLPT_4
この間,JLPT_4
かっこう,JLPT_4
かまう,JLPT_4
続ける,JLPT_4
落す,JLPT_4
明日,JLPT_4
出発,JLPT_4
拝見,JLPT_4
割れる,JLPT_4
背中,JLPT_4
新聞社,JLPT_4
いじめる,JLPT_4
回る、回す,JLPT_4
～君,JLPT_4
おっしゃる,JLPT_4
眠い,JLPT_4
濡れる,JLPT_4
倒れる,JLPT_4
スーパー (マーケット),JLPT_4
アクセサリー,JLPT_4
考える,JLPT_4
向かう,JLPT_4
自由,JLPT_4
仕方,JLPT_4
首,JLPT_4
程,JLPT_4
代わり,JLPT_4
失敗,JLPT_4
工業,JLPT_4
移る,JLPT_4
スーツケース,JLPT_4
ひげ,JLPT_4
研究室,JLPT_4
工場,JLPT_4
紹介,JLPT_4
けれど; けれども,JLPT_4
舟,JLPT_4
動く,JLPT_4
～(に) ついて,JLPT_4
コンサート,JLPT_4
虫,JLPT_4
優しい,JLPT_4
コンピュータ; コンピューター,JLPT_4
植える,JLPT_4
両方,JLPT_4
汚れる,JLPT_4
水泳,JLPT_4
経験,JLPT_4
勝つ,JLPT_4
砂,JLPT_4
警察,JLPT_4
取り替える,JLPT_4
急ぐ,JLPT_4
簡単,JLPT_4
参る,JLPT_4
全然,JLPT_4
特別,JLPT_4
復習,JLPT_4
間に合う,JLPT_4
役に立つ,JLPT_4
もうすぐ,JLPT_4
真中,JLPT_4
戻る,JLPT_4
研究,JLPT_4
ケーキ,JLPT_4
草,JLPT_4
込む,JLPT_4
この頃,JLPT_4
訪ねる,JLPT_4
下げる,JLPT_4
花見,JLPT_4
途中,JLPT_4
入院,JLPT_4
乗り換える,JLPT_4
別れる,JLPT_4
～町,JLPT_4
安全,JLPT_4
看護婦,JLPT_4
見物,JLPT_4
相談,JLPT_4
ガソリンスタンド,JLPT_4
テニス,JLPT_4
眠る,JLPT_4
上がる,JLPT_4
翻訳,JLPT_4
食事,JLPT_4
おかげ,JLPT_4
娘,JLPT_4
湯,JLPT_4
競争,JLPT_4
会議,JLPT_4
湖,JLPT_4
集まる,JLPT_4
～にくい,JLPT_4
生活,JLPT_4
糸,JLPT_4
関係,JLPT_4
ピアノ,JLPT_4
～目,JLPT_4
番組,JLPT_4
急,JLPT_4
棚,JLPT_4
木綿,JLPT_4
輸出,JLPT_4
タイプ,JLPT_4
すり,JLPT_4
うれしい,JLPT_4
アルコール,JLPT_4
ソフト,JLPT_4
神社,JLPT_4
大分,JLPT_4
楽しみ,JLPT_4
趣味,JLPT_4
電報,JLPT_4
家内,JLPT_4
指,JLPT_4
これから,JLPT_4
たまに,JLPT_4
社会,JLPT_4
ああ,JLPT_4
あの,JLPT_4
～階,JLPT_4
玄関,JLPT_4
こっち,JLPT_4
やる,JLPT_4
夕飯,JLPT_4
青,JLPT_5
青い,JLPT_5
赤,JLPT_5
赤い,JLPT_5
明るい,JLPT_5
朝,JLPT_5
朝御飯,JLPT_5
明後日,JLPT_5
足; 脚,JLPT_5
あそこ,JLPT_5
遊ぶ,JLPT_5
暖かい,JLPT_5
頭,JLPT_5
新しい,JLPT_5
あちら,JLPT_5
暑い,JLPT_5
熱い,JLPT_5
厚い,JLPT_5
あっち,JLPT_5
あなた,JLPT_5
兄,JLPT_5
姉,JLPT_5
アパート,JLPT_5
危ない,JLPT_5
甘い,JLPT_5
雨,JLPT_5
飴,JLPT_5
洗う,JLPT_5
歩く,JLPT_5
あれ,JLPT_5
いい; よい,JLPT_5
いいえ,JLPT_5
言う,JLPT_5
いかが,JLPT_5
行く,JLPT_5
池,JLPT_5
医者,JLPT_5
忙しい,JLPT_5
痛い,JLPT_5
一日,JLPT_5
一緒,JLPT_5
五つ,JLPT_5
犬,JLPT_5
意味,JLPT_5
妹,JLPT_5
入口,JLPT_5
居る,JLPT_5
要る,JLPT_5
入れる,JLPT_5
色,JLPT_5
色々,JLPT_5
歌,JLPT_5
歌う,JLPT_5
海,JLPT_5
上着,JLPT_5
映画,JLPT_5
映画館,JLPT_5
英語,JLPT_5
ええ,JLPT_5
駅,JLPT_5
～円,JLPT_5
鉛筆,JLPT_5
お～,JLPT_5
美味しい,JLPT_5
多い,JLPT_5
大きい,JLPT_5
大きな,JLPT_5
大勢,JLPT_5
お母さん,JLPT_5
お菓子,JLPT_5
お金,JLPT_5
奥さん,JLPT_5
お酒,JLPT_5
お皿,JLPT_5
伯父; 叔父さん,JLPT_5
教える,JLPT_5
押す,JLPT_5
遅い,JLPT_5
お茶,JLPT_5
お手洗い,JLPT_5
お父さん,JLPT_5
弟,JLPT_5
男,JLPT_5
男の子,JLPT_5
一昨日,JLPT_5
おととし,JLPT_5
大人,JLPT_5
同じ,JLPT_5
お兄さん,JLPT_5
お姉さん,JLPT_5
伯母さん; 叔母さん,JLPT_5
おばあさん,JLPT_5
お風呂,JLPT_5
お弁当,JLPT_5
覚える,JLPT_5
おまわりさん,JLPT_5
面白い,JLPT_5
泳ぐ,JLPT_5
終る,JLPT_5
音楽,JLPT_5
女,JLPT_5
女の子,JLPT_5
～回,JLPT_5
外国,JLPT_5
外国人,JLPT_5
会社,JLPT_5
階段,JLPT_5
買い物,JLPT_5
学生,JLPT_5
～か月,JLPT_5
傘,JLPT_5
貸す,JLPT_5
風,JLPT_5
風邪,JLPT_5
家族,JLPT_5
片仮名,JLPT_5
～月,JLPT_5
学校,JLPT_5
カップ,JLPT_5
角,JLPT_5
かばん,JLPT_5
花瓶,JLPT_5
カメラ,JLPT_5
火曜日,JLPT_5
辛い,JLPT_5
体,JLPT_5
借りる,JLPT_5
～がる,JLPT_5
軽い,JLPT_5
カレー,JLPT_5
カレンダー,JLPT_5
～側,JLPT_5
可愛い,JLPT_5
木,JLPT_5
黄色,JLPT_5
黄色い,JLPT_5
消える,JLPT_5
北,JLPT_5
ギター,JLPT_5
汚い,JLPT_5
喫茶店,JLPT_5
切手,JLPT_5
切符,JLPT_5
牛肉,JLPT_5
牛乳,JLPT_5
今日,JLPT_5
教室,JLPT_5
兄弟,JLPT_5
去年,JLPT_5
嫌い,JLPT_5
切る,JLPT_5
着る,JLPT_5
綺麗,JLPT_5
銀行,JLPT_5
薬,JLPT_5
下さい,JLPT_5
果物,JLPT_5
口,JLPT_5
靴,JLPT_5
靴下,JLPT_5
国,JLPT_5
曇る,JLPT_5
～くらい; ぐらい,JLPT_5
クラス,JLPT_5
グラム,JLPT_5
来る,JLPT_5
車,JLPT_5
黒,JLPT_5
黒い,JLPT_5
警官,JLPT_5
今朝,JLPT_5
消す,JLPT_5
結婚,JLPT_5
元気,JLPT_5
～語,JLPT_5
交差点,JLPT_5
紅茶,JLPT_5
交番,JLPT_5
声,JLPT_5
コート,JLPT_5
コーヒー,JLPT_5
午後,JLPT_5
九日,JLPT_5
九つ,JLPT_5
午前,JLPT_5
答える,JLPT_5
こちら,JLPT_5
コップ,JLPT_5
今年,JLPT_5
言葉,JLPT_5
子供,JLPT_5
御飯,JLPT_5
困る,JLPT_5
これ,JLPT_5
～ころ; ～ごろ,JLPT_5
今月,JLPT_5
今週,JLPT_5
こんな,JLPT_5
今晩,JLPT_5
さあ,JLPT_5
財布,JLPT_5
魚,JLPT_5
先,JLPT_5
作文,JLPT_5
～冊,JLPT_5
雑誌,JLPT_5
砂糖,JLPT_5
寒い,JLPT_5
さ来年,JLPT_5
三,JLPT_5
～時,JLPT_5
塩,JLPT_5
しかし,JLPT_5
～時間,JLPT_5
仕事,JLPT_5
辞書,JLPT_5
静か,JLPT_5
質問,JLPT_5
自転車,JLPT_5
自動車,JLPT_5
死ぬ,JLPT_5
字引,JLPT_5
自分,JLPT_5
閉まる,JLPT_5
写真,JLPT_5
シャツ,JLPT_5
シャワー,JLPT_5
～週間,JLPT_5
宿題,JLPT_5
上手,JLPT_5
丈夫,JLPT_5
醤油,JLPT_5
食堂,JLPT_5
知る,JLPT_5
白い,JLPT_5
～人,JLPT_5
新聞,JLPT_5
水曜日,JLPT_5
スカート,JLPT_5
好き,JLPT_5
～すぎ,JLPT_5
少ない,JLPT_5
すぐに,JLPT_5
少し,JLPT_5
涼しい,JLPT_5
～ずつ,JLPT_5
ストーブ,JLPT_5
スプーン,JLPT_5
スポーツ,JLPT_5
ズボン,JLPT_5
座る,JLPT_5
生徒,JLPT_5
セーター,JLPT_5
石鹸,JLPT_5
背広,JLPT_5
狭い,JLPT_5
ゼロ,JLPT_5
千,JLPT_5
先月,JLPT_5
先週,JLPT_5
先生,JLPT_5
全部,JLPT_5
そう; そうです,JLPT_5
そうして; そして,JLPT_5
そちら,JLPT_5
そっち,JLPT_5
外,JLPT_5
空,JLPT_5
それから,JLPT_5
それでは,JLPT_5
～台,JLPT_5
大学,JLPT_5
大使館,JLPT_5
大丈夫,JLPT_5
大好き,JLPT_5
大切,JLPT_5
台所,JLPT_5
高い,JLPT_5
～だけ,JLPT_5
沢山,JLPT_5
タクシー,JLPT_5
出す,JLPT_5
～たち,JLPT_5
建物,JLPT_5
楽しい,JLPT_5
頼む,JLPT_5
たばこ,JLPT_5
食べ物,JLPT_5
食べる,JLPT_5
卵,JLPT_5
誰,JLPT_5
誕生日,JLPT_5
段々,JLPT_5
小さい,JLPT_5
小さな,JLPT_5
近い,JLPT_5
違う,JLPT_5
近く,JLPT_5
地下鉄,JLPT_5
地図,JLPT_5
父,JLPT_5
茶色,JLPT_5
茶碗,JLPT_5
～中,JLPT_5
丁度,JLPT_5
一日,JLPT_5
使う,JLPT_5
疲れる,JLPT_5
次,JLPT_5
机,JLPT_5
作る,JLPT_5
勤める,JLPT_5
つまらない,JLPT_5
冷たい,JLPT_5
強い,JLPT_5
手,JLPT_5
テープ,JLPT_5
テープレコーダー,JLPT_5
テーブル,JLPT_5
出かける,JLPT_5
手紙,JLPT_5
出口,JLPT_5
テスト,JLPT_5
デパート,JLPT_5
出る,JLPT_5
テレビ,JLPT_5
天気,JLPT_5
電気,JLPT_5
電車,JLPT_5
電話,JLPT_5
戸,JLPT_5
～度,JLPT_5
ドア,JLPT_5
トイレ,JLPT_5
どう,JLPT_5
どうして,JLPT_5
どうぞ,JLPT_5
動物,JLPT_5
どうも,JLPT_5
遠い,JLPT_5
十日,JLPT_5
時々,JLPT_5
時計,JLPT_5
どこ,JLPT_5
所,JLPT_5
図書館,JLPT_5
どちら,JLPT_5
どっち,JLPT_5
どなた,JLPT_5
隣,JLPT_5
どの,JLPT_5
飛ぶ,JLPT_5
止まる,JLPT_5
友達,JLPT_5
鳥,JLPT_5
鶏肉,JLPT_5
取る,JLPT_5
撮る,JLPT_5
ない,JLPT_5
ナイフ,JLPT_5
鳴く,JLPT_5
なぜ,JLPT_5
夏,JLPT_5
夏休み,JLPT_5
七日,JLPT_5
名前,JLPT_5
習う,JLPT_5
並ぶ,JLPT_5
並べる,JLPT_5
何～,JLPT_5
二,JLPT_5
にぎやか,JLPT_5
肉,JLPT_5
西,JLPT_5
～日,JLPT_5
荷物,JLPT_5
ニュース,JLPT_5
庭,JLPT_5
～人,JLPT_5
脱ぐ,JLPT_5
ネクタイ,JLPT_5
猫,JLPT_5
寝る,JLPT_5
～年,JLPT_5
ノート,JLPT_5
飲み物,JLPT_5
飲む,JLPT_5
歯,JLPT_5
パーティー,JLPT_5
～杯,JLPT_5
灰皿,JLPT_5
入る,JLPT_5
葉書,JLPT_5
箱,JLPT_5
始まる,JLPT_5
初めて,JLPT_5
走る,JLPT_5
バス,JLPT_5
バター,JLPT_5
働く,JLPT_5
八,JLPT_5
二十日,JLPT_5
花,JLPT_5
鼻,JLPT_5
話,JLPT_5
母,JLPT_5
早い,JLPT_5
速い,JLPT_5
晴れ,JLPT_5
晴れる,JLPT_5
～番,JLPT_5
パン,JLPT_5
ハンカチ,JLPT_5
番号,JLPT_5
晩御飯,JLPT_5
半分,JLPT_5
東,JLPT_5
～匹,JLPT_5
低い,JLPT_5
飛行機,JLPT_5
左,JLPT_5
人,JLPT_5
一つ,JLPT_5
一月,JLPT_5
暇,JLPT_5
百,JLPT_5
病院,JLPT_5
病気,JLPT_5
平仮名,JLPT_5
昼,JLPT_5
昼御飯,JLPT_5
広い,JLPT_5
フィルム,JLPT_5
封筒,JLPT_5
プール,JLPT_5
フォーク,JLPT_5
二つ,JLPT_5
豚肉,JLPT_5
二人,JLPT_5
二日,JLPT_5
太い,JLPT_5
冬,JLPT_5
古い,JLPT_5
～分,JLPT_5
文章,JLPT_5
ページ,JLPT_5
下手,JLPT_5
ベッド,JLPT_5
部屋,JLPT_5
辺,JLPT_5
ペン,JLPT_5
便利,JLPT_5
帽子,JLPT_5
ボールペン,JLPT_5
ポケット,JLPT_5
欲しい,JLPT_5
ポスト,JLPT_5
細い,JLPT_5
ボタン,JLPT_5
ホテル,JLPT_5
本,JLPT_5
本棚,JLPT_5
～枚,JLPT_5
毎朝,JLPT_5
毎月,JLPT_5
毎週,JLPT_5
毎日,JLPT_5
毎年,JLPT_5
毎晩,JLPT_5
前,JLPT_5
～前,JLPT_5
まずい,JLPT_5
マッチ,JLPT_5
窓,JLPT_5
万,JLPT_5
万年筆,JLPT_5
磨く,JLPT_5
右,JLPT_5
短い,JLPT_5
水,JLPT_5
店,JLPT_5
見せる,JLPT_5
道,JLPT_5
三日,JLPT_5
三つ,JLPT_5
緑,JLPT_5
皆さん,JLPT_5
南,JLPT_5
耳,JLPT_5
六日,JLPT_5
向こう,JLPT_5
難しい,JLPT_5
六つ,JLPT_5
村,JLPT_5
メートル,JLPT_5
眼鏡,JLPT_5
もしもし,JLPT_5
持つ,JLPT_5
門,JLPT_5
問題,JLPT_5
～屋,JLPT_5
八百屋,JLPT_5
野菜,JLPT_5
易しい,JLPT_5
安い,JLPT_5
休み,JLPT_5
休む,JLPT_5
八つ,JLPT_5
山,JLPT_5
夕方,JLPT_5
郵便局,JLPT_5
有名,JLPT_5
ゆっくりと,JLPT_5
八日,JLPT_5
洋服,JLPT_5
よく,JLPT_5
横,JLPT_5
四日,JLPT_5
読む,JLPT_5
弱い,JLPT_5
来月,JLPT_5
来週,JLPT_5
来年,JLPT_5
ラジオ,JLPT_5
ラジオカセ,JLPT_5
留学生,JLPT_5
両親,JLPT_5
料理,JLPT_5
旅行,JLPT_5
冷蔵庫,JLPT_5
レコード,JLPT_5
レストラン,JLPT_5
練習,JLPT_5
廊下,JLPT_5
六,JLPT_5
ワイシャツ,JLPT_5
若い,JLPT_5
分かる,JLPT_5
忘れる,JLPT_5
私,JLPT_5
渡す,JLPT_5
渡る,JLPT_5
悪い,JLPT_5